battery_power;dual_sim;SIM;five_g;int_memory;mobile_wt;n_cores;px_height;px_width;ram;Precio
842;0;nanoSIM;0;7;188;2;20;756;2549;478155
1021;1;nanoSIM;1;53;136;3;905;1988;2631;717794
563;1;nanoSIM;1;41;145;5;1263;1716;2603;804936
615;0;nanoSIM;0;10;131;6;1216;1786;2769;874704
1821;0;miniSIM;1;44;141;2;1208;1212;1411;452233
1859;1;nanoSIM;0;22;164;1;1004;1654;1067;358022
1821;0;microSIM;1;10;139;8;381;1018;3220;1323860
1954;1;nanoSIM;0;24;187;4;512;1149;700;33654
1445;0;nanoSIM;0;53;174;7;386;836;1099;42197
509;1;nanoSIM;1;9;93;5;1137;1224;513;74501
769;1;nanoSIM;0;9;182;5;248;874;3946;1142649
1520;0;microSIM;1;33;177;8;151;1005;3826;1255153
1815;0;nanoSIM;0;33;159;4;607;748;1482;407026
803;0;microSIM;0;17;198;4;344;1440;2680;747878
1866;0;miniSIM;1;52;185;1;356;563;373;97987
775;0;nanoSIM;0;46;159;2;862;1864;568;62004
838;0;nanoSIM;1;13;196;8;984;1850;3554;1288571
595;1;microSIM;1;23;121;3;441;810;3752;1049787
1131;1;miniSIM;0;49;101;5;658;878;1835;298544
682;0;microSIM;0;19;121;4;902;1064;2337;520526
772;1;miniSIM;0;39;81;7;1314;1854;2819;1198862
1709;0;nanoSIM;0;13;156;2;974;1385;3283;1149551
1949;1;microSIM;0;47;199;4;407;822;1433;516687
1602;1;microSIM;1;38;114;3;466;788;1037;193259
503;1;microSIM;1;8;111;3;201;1245;2583;448947
961;1;nanoSIM;1;57;114;8;291;1434;2782;710596
519;1;microSIM;1;51;132;4;550;645;3763;1085200
956;0;nanoSIM;1;41;143;7;511;1075;3286;1142776
1453;1;miniSIM;1;52;96;2;187;1311;2373;756146
851;0;nanoSIM;0;21;200;5;1171;1263;478;51812
1579;1;nanoSIM;0;5;88;7;1358;1739;3532;1296067
1568;0;SIM;0;33;150;8;413;654;508;151070
1319;0;nanoSIM;1;41;107;1;85;1152;2227;263686
1310;1;nanoSIM;1;51;100;4;178;1919;3845;1091141
644;0;nanoSIM;0;22;157;8;311;881;1262;133939
725;1;SIM;0;60;160;8;1134;1249;1326;532119
589;1;nanoSIM;0;61;160;4;429;815;2113;573627
1725;1;microSIM;1;6;119;2;609;1307;3429;1043793
790;1;SIM;1;11;87;6;347;730;3169;793790
560;1;SIM;0;50;159;2;1448;1613;2150;794256
1347;0;microSIM;0;44;132;1;434;967;2484;662932
1646;0;microSIM;1;41;185;2;1725;1932;3339;1117615
1253;1;microSIM;1;5;152;2;685;714;1878;454035
1656;0;microSIM;1;34;166;3;880;1456;1629;449513
1195;0;nanoSIM;1;20;110;2;1580;1652;504;156883
1514;0;nanoSIM;0;27;118;3;186;1810;1152;251733
1723;1;nanoSIM;0;42;164;8;202;1791;3587;1024054
1054;1;nanoSIM;1;40;196;7;27;774;2296;567716
578;1;nanoSIM;1;57;162;8;1025;1433;1270;144684
596;1;miniSIM;0;64;111;8;885;1854;3238;1140159
1547;1;nanoSIM;1;14;198;3;1042;1832;2059;798884
1760;1;microSIM;0;63;127;8;1382;1383;2053;883156
1654;1;nanoSIM;1;43;109;2;546;629;3112;1085922
1457;1;nanoSIM;1;16;102;3;1013;1287;1440;528157
1073;1;nanoSIM;0;51;145;7;690;804;2908;970275
1936;1;miniSIM;1;46;104;3;667;1036;2552;646893
823;1;miniSIM;0;60;148;8;822;1449;905;172517
987;1;nanoSIM;1;61;107;3;581;820;3963;1337817
1757;0;microSIM;0;49;180;6;265;713;2056;368198
1063;1;nanoSIM;1;48;128;5;127;683;2910;764755
1484;0;nanoSIM;0;12;134;3;916;969;1457;357302
799;0;nanoSIM;1;63;144;8;361;975;431;248834
1156;1;nanoSIM;1;50;159;2;322;547;470;92319
1720;0;SIM;1;55;168;2;753;1353;2148;769250
702;1;nanoSIM;1;9;141;3;504;1570;2955;698039
616;1;miniSIM;1;44;81;3;651;1618;3366;1298660
1358;0;miniSIM;1;36;155;4;1565;1858;3068;1060291
1866;0;nanoSIM;0;30;182;3;108;1781;3834;1216306
1242;1;nanoSIM;0;10;165;2;459;1225;1050;234658
1166;1;nanoSIM;1;43;80;4;205;603;3993;1143872
1448;1;microSIM;1;45;138;7;570;1724;3378;1193328
1407;0;nanoSIM;1;22;104;4;1172;1217;2192;768276
605;0;microSIM;1;9;142;3;160;1026;392;110914
1038;0;nanoSIM;0;43;141;1;4;638;3709;1065737
797;1;microSIM;0;38;90;4;763;1413;590;203611
819;1;microSIM;1;42;188;6;339;1242;1814;532726
1114;0;microSIM;1;9;197;3;1040;1071;907;238824
1234;1;nanoSIM;0;33;172;1;166;778;1449;105774
1199;1;SIM;1;16;116;4;1168;1552;3448;1284320
1103;1;microSIM;0;29;111;6;990;1486;1837;414754
1589;1;nanoSIM;1;58;85;7;319;1206;3464;1183027
999;1;miniSIM;1;64;199;4;1397;1616;2593;664629
1510;1;nanoSIM;0;45;180;5;708;1752;3484;1320907
1008;0;miniSIM;0;61;114;3;1077;1122;2009;577662
1127;1;microSIM;1;57;163;1;928;1049;2048;331816
1412;0;microSIM;0;25;96;8;516;1894;837;304123
1496;1;microSIM;0;42;182;5;96;741;854;147535
1083;1;nanoSIM;1;64;178;3;1025;1118;3210;1278280
668;1;nanoSIM;0;3;155;5;666;1203;2746;941965
1309;1;nanoSIM;0;33;100;4;557;1402;2334;685885
1724;1;nanoSIM;1;57;177;3;1605;1924;2822;1114132
1977;1;microSIM;1;54;171;7;1226;1242;1971;984065
885;1;nanoSIM;1;15;103;7;769;802;1410;234039
879;0;miniSIM;1;14;83;6;403;1105;349;210268
1322;1;microSIM;0;7;140;3;177;1990;1418;263188
1137;0;SIM;0;7;196;3;942;1179;3616;1064664
1355;0;miniSIM;1;23;132;5;651;891;880;115215
1665;0;nanoSIM;1;60;194;6;1572;1684;1601;828213
657;0;nanoSIM;0;37;141;2;476;961;1412;85809
593;0;microSIM;0;31;156;7;1233;1317;1692;599386
1883;0;nanoSIM;1;10;146;6;836;1739;2600;1245466
1732;0;microSIM;1;12;119;8;824;881;1308;599057
543;0;nanoSIM;0;57;192;5;391;984;2413;461710
1939;1;nanoSIM;1;55;199;4;320;520;1047;163944
553;1;nanoSIM;1;8;121;7;325;902;1204;100244
832;1;nanoSIM;1;39;103;4;125;1504;1799;316491
1661;1;microSIM;0;23;172;5;846;1634;2676;1075826
1657;0;nanoSIM;0;42;198;5;1770;1796;2597;1260877
1135;1;nanoSIM;0;46;83;1;293;1846;3029;1265270
1775;0;nanoSIM;0;41;163;1;1633;1869;2343;1286841
783;1;nanoSIM;1;43;106;3;1198;1471;2016;375522
617;0;nanoSIM;0;32;199;7;768;874;2213;393842
867;1;nanoSIM;1;4;135;6;70;1974;790;126711
1310;1;miniSIM;0;7;194;5;117;513;3182;974029
1804;0;miniSIM;1;22;153;7;1158;1244;3472;1148437
1900;0;nanoSIM;1;18;89;7;1055;1661;2871;1011337
909;0;nanoSIM;0;53;82;8;635;973;3187;604331
1084;0;nanoSIM;1;40;107;3;322;771;1945;402332
1308;1;microSIM;0;46;199;1;275;989;488;174124
1778;0;nanoSIM;0;15;102;3;1445;1954;1214;406788
1701;1;nanoSIM;0;10;194;8;550;1338;2598;736336
772;1;nanoSIM;1;10;80;4;1242;1712;3242;1229026
825;1;microSIM;0;52;130;3;597;863;3534;1039820
1379;0;microSIM;1;36;200;2;538;1376;3426;1112727
1166;0;nanoSIM;1;25;198;5;59;1203;2488;756084
1659;0;microSIM;0;16;89;1;819;902;3255;1143445
826;1;nanoSIM;1;58;88;4;179;786;2863;980911
1564;0;microSIM;1;25;189;6;1259;1965;1496;563415
1957;1;miniSIM;0;31;181;3;396;1732;3801;1147234
1571;0;nanoSIM;1;19;100;6;713;1398;666;73802
1414;1;nanoSIM;0;54;99;7;262;829;3799;1144589
1790;1;miniSIM;0;2;184;1;622;792;1366;460042
645;0;nanoSIM;0;41;197;7;327;580;2962;637223
668;1;microSIM;0;30;195;8;522;1056;2399;594165
1652;1;nanoSIM;0;36;89;4;313;1264;2338;954873
1213;0;nanoSIM;0;16;108;5;226;1248;2700;794918
1272;1;nanoSIM;0;22;133;6;605;669;2235;589293
866;1;microSIM;1;46;179;8;692;1686;3825;1234278
536;1;miniSIM;1;3;182;7;1386;1539;284;186436
523;1;nanoSIM;0;14;155;8;304;1042;1427;17177
1753;1;nanoSIM;1;31;134;1;1590;1926;1324;761149
1218;1;nanoSIM;1;14;147;3;229;616;398;120262
1537;0;microSIM;1;43;137;1;839;1131;3685;1077001
786;1;nanoSIM;0;33;141;7;507;1697;2390;690528
1678;0;nanoSIM;1;64;134;3;436;536;278;43778
1814;1;nanoSIM;1;9;141;2;756;786;3556;1308574
1101;0;nanoSIM;0;31;148;2;387;1269;2196;422587
1461;1;nanoSIM;1;40;141;7;1265;1298;3799;1116001
1216;0;microSIM;0;47;199;3;1852;1967;2268;664628
506;0;microSIM;1;41;159;1;875;1025;2965;897192
843;0;nanoSIM;1;56;147;5;140;800;2341;416166
742;1;microSIM;0;56;190;7;577;1359;3557;1102174
1692;0;nanoSIM;1;61;176;6;975;1996;1354;591525
1485;0;nanoSIM;1;32;84;2;510;1013;2147;714551
1547;1;microSIM;0;45;166;2;583;590;505;4329
1692;1;microSIM;1;46;139;1;674;1925;1394;592559
637;0;nanoSIM;1;60;97;4;1125;1989;374;176780
1224;0;SIM;1;6;109;6;747;826;506;32112
1356;0;nanoSIM;0;29;198;6;1612;1983;3702;1155462
1840;1;miniSIM;0;34;142;1;311;1545;1078;497993
1481;1;microSIM;1;37;96;5;116;1533;2945;821443
961;1;miniSIM;0;51;152;6;554;621;2981;609239
1296;1;nanoSIM;1;14;124;5;811;1272;490;203996
1193;0;miniSIM;0;26;166;1;730;1729;536;138063
1441;1;miniSIM;1;3;118;8;577;1071;2317;904184
517;1;nanoSIM;1;33;183;4;660;974;3704;1047737
748;0;nanoSIM;1;27;150;8;450;1554;2126;595485
1126;0;nanoSIM;1;10;160;6;1223;1611;2050;911096
1572;0;nanoSIM;1;58;157;7;1109;1937;2462;1094918
1569;1;SIM;0;44;110;4;45;1942;1260;404985
1270;1;nanoSIM;1;32;101;7;299;845;3770;1179299
1854;0;nanoSIM;1;8;101;5;506;627;1886;418280
625;1;microSIM;1;10;183;4;635;842;3323;997202
1577;1;nanoSIM;1;42;197;5;1045;1737;2060;830107
534;1;nanoSIM;1;16;189;5;393;1199;3926;1171667
946;1;microSIM;1;25;143;6;650;1740;2177;993475
685;0;nanoSIM;0;29;93;7;433;648;728;17551
1949;1;nanoSIM;0;23;101;5;839;1136;2478;1187084
947;1;nanoSIM;1;22;197;2;1176;1220;2842;650888
801;1;nanoSIM;0;63;165;7;650;879;1617;477348
703;0;miniSIM;1;30;113;1;218;1065;1472;177377
1165;0;miniSIM;0;41;178;6;564;831;764;249526
1082;0;nanoSIM;0;38;198;8;986;1191;2337;660193
959;1;SIM;0;20;84;4;561;1631;3965;1327788
1502;0;nanoSIM;0;54;138;5;65;588;3693;1155871
1380;1;nanoSIM;1;4;92;3;420;500;797;64294
1266;0;nanoSIM;1;5;95;6;1365;1698;1687;844210
1934;1;nanoSIM;1;46;103;1;619;1299;2940;1058647
1905;0;nanoSIM;1;6;151;1;849;898;1545;395489
1831;1;nanoSIM;0;43;150;5;611;1381;3834;1232489
596;0;microSIM;0;46;165;1;953;984;2505;566311
1562;1;nanoSIM;1;7;190;5;642;1533;2243;903248
1490;1;microSIM;1;64;150;8;1417;1464;3600;1056651
1523;0;microSIM;1;57;117;2;247;539;3971;1198982
640;0;nanoSIM;0;20;163;4;710;1179;2844;720112
1526;0;nanoSIM;1;23;117;7;718;751;2227;909609
1989;1;nanoSIM;1;41;94;3;1100;1497;1665;636445
1308;0;nanoSIM;1;61;106;3;59;1215;3355;1093970
609;0;nanoSIM;0;26;93;4;938;1948;1866;414780
1905;1;miniSIM;1;36;119;3;825;1542;1287;558822
1703;0;nanoSIM;1;22;192;1;286;1235;1046;171006
1445;1;microSIM;1;20;173;7;1273;1345;1441;490595
1087;0;nanoSIM;1;16;166;3;295;589;690;108193
671;1;miniSIM;0;30;105;7;852;1182;2504;897874
1472;0;microSIM;0;61;168;6;710;1052;2677;682384
765;1;nanoSIM;1;47;115;8;1277;1429;2243;792625
1642;1;SIM;1;8;171;6;129;873;2984;908639
1265;0;microSIM;0;49;182;5;690;836;1362;401105
664;1;nanoSIM;1;51;110;7;701;1478;3629;1019859
1277;1;nanoSIM;1;35;142;6;309;1460;3559;1104684
1395;1;nanoSIM;0;23;111;3;213;705;2571;795957
1539;0;nanoSIM;0;41;159;8;1112;1666;2107;909935
1049;0;miniSIM;0;63;135;5;199;1077;1022;194878
1827;0;microSIM;1;39;128;5;55;1020;2844;674870
903;1;nanoSIM;1;50;91;1;1230;1235;711;68542
1987;0;nanoSIM;1;53;181;3;1052;1516;3117;1095557
1154;1;nanoSIM;1;49;181;8;541;1499;978;116435
1336;0;microSIM;1;17;194;5;55;583;1869;370756
1886;0;nanoSIM;1;24;112;3;809;1958;1179;435884
1551;0;microSIM;0;51;88;5;1738;1995;3844;1013795
850;1;microSIM;1;29;133;5;404;642;593;171188
660;0;microSIM;1;40;111;2;262;1178;588;172502
1225;1;microSIM;0;13;116;4;759;1404;3836;1184746
1452;1;nanoSIM;1;25;123;6;42;1040;2669;738183
1686;1;nanoSIM;0;38;166;4;397;1453;2958;1233877
1634;0;nanoSIM;1;17;200;2;964;1677;3031;1222689
1708;1;SIM;1;49;109;1;233;517;3388;1313511
1151;1;nanoSIM;0;31;128;8;1022;1560;2377;682991
1578;1;nanoSIM;1;37;138;4;411;1226;2458;971946
1689;0;SIM;0;24;127;3;954;1200;2766;1154715
1488;0;nanoSIM;0;39;112;5;1528;1647;3054;1061104
1313;1;microSIM;0;9;105;1;416;1308;3791;1096990
1715;1;microSIM;1;31;83;8;638;1615;625;224023
1442;1;nanoSIM;0;27;192;3;231;687;2227;321213
528;0;miniSIM;1;6;142;2;574;637;3256;827564
1523;0;microSIM;1;11;129;1;148;1606;707;196733
1133;0;nanoSIM;0;42;199;5;730;1543;1457;365179
1718;1;SIM;1;6;183;5;564;980;3755;1233427
1330;0;nanoSIM;0;38;183;7;1290;1441;1733;366182
1799;0;nanoSIM;0;49;107;4;632;1383;720;27447
633;0;nanoSIM;1;49;139;8;529;1009;3560;846044
724;1;nanoSIM;0;44;187;7;1273;1754;2311;659342
822;0;nanoSIM;1;51;157;6;667;860;3846;1180336
1918;0;nanoSIM;0;10;110;5;1170;1543;1717;723587
1891;0;microSIM;1;37;129;7;169;1108;3704;1186161
1373;1;nanoSIM;0;50;127;7;105;673;3800;1074506
862;1;nanoSIM;0;23;165;2;793;1758;278;238664
1273;0;nanoSIM;1;48;99;4;490;886;1767;333470
957;0;microSIM;0;7;107;5;1201;1485;1846;524587
1617;1;nanoSIM;1;30;105;2;246;1038;829;123163
893;1;nanoSIM;0;55;183;2;417;946;2986;839844
1210;0;nanoSIM;0;63;93;5;1177;1462;2394;785720
708;1;nanoSIM;1;63;195;8;78;654;2169;267038
835;1;nanoSIM;0;7;101;4;323;1604;1181;126118
1450;1;miniSIM;0;19;131;1;707;1882;575;185741
973;0;microSIM;1;57;190;7;457;1816;2977;972407
601;0;microSIM;1;4;154;4;356;765;532;29820
507;1;nanoSIM;0;32;141;7;936;1398;1702;260085
564;1;nanoSIM;1;51;168;3;912;1980;1074;11389
1559;1;microSIM;1;6;162;6;179;1559;3352;1159999
754;1;microSIM;1;59;178;7;1914;1928;1027;315451
728;1;nanoSIM;0;25;88;4;526;1529;2039;346945
1431;0;nanoSIM;1;56;191;1;156;952;461;227414
767;0;microSIM;0;28;175;4;344;1517;527;118335
1722;0;microSIM;0;18;177;2;865;1741;3271;1049748
1992;0;microSIM;1;57;100;2;1552;1596;606;336349
1876;0;miniSIM;1;40;86;6;546;1564;2513;1274136
1054;1;miniSIM;1;38;136;6;1097;1222;1675;537432
1283;1;microSIM;0;47;93;5;372;692;2698;935358
1281;1;nanoSIM;0;28;148;1;1285;1617;1129;446256
1066;0;nanoSIM;1;7;114;7;1242;1571;468;133851
730;1;nanoSIM;1;4;89;8;302;1247;1210;43371
1053;1;microSIM;1;45;103;1;594;1767;3086;1075992
1611;1;miniSIM;0;3;98;3;303;714;1595;507144
793;1;microSIM;1;30;133;2;1858;1935;2332;927799
1220;0;nanoSIM;0;62;125;4;403;1933;2589;613557
1662;0;nanoSIM;1;61;126;4;32;1509;3760;1185400
1281;1;nanoSIM;1;8;144;4;590;954;1851;578500
538;0;miniSIM;1;2;177;7;235;662;417;241974
823;0;nanoSIM;0;39;187;8;630;888;294;36576
1733;0;nanoSIM;1;36;119;6;357;527;3576;1293619
1429;1;nanoSIM;1;40;100;3;246;820;3945;1135225
1839;0;miniSIM;1;54;200;7;475;1493;927;348361
659;0;microSIM;1;6;110;3;1054;1929;2044;551110
1953;1;microSIM;0;56;158;8;555;764;2334;862743
1172;0;nanoSIM;1;27;164;1;607;1092;1477;423207
612;1;microSIM;0;16;102;7;1360;1891;3161;1043336
1563;0;nanoSIM;1;24;170;8;142;1699;3660;1208463
1191;1;SIM;1;26;84;1;681;683;1604;349945
615;1;nanoSIM;0;42;163;6;104;1664;2211;544848
1893;1;microSIM;0;63;134;2;637;763;3822;1083285
1563;1;miniSIM;0;16;151;7;410;572;3922;1082843
1995;0;microSIM;0;9;139;6;1830;1963;1203;939486
1517;0;microSIM;1;48;143;5;802;1489;2822;1319825
832;1;nanoSIM;1;34;108;5;311;1294;447;32139
1162;0;nanoSIM;1;56;114;7;56;997;1652;351410
1595;0;microSIM;0;12;121;8;344;655;3608;1104781
1329;0;nanoSIM;0;52;181;6;1053;1458;1228;403705
928;1;miniSIM;0;56;80;8;221;1243;666;166140
1656;1;microSIM;1;38;105;7;506;519;1499;311739
1937;0;SIM;0;58;189;1;1728;1767;3321;1106548
977;1;nanoSIM;0;57;181;6;63;566;1206;93357
768;0;SIM;1;56;113;1;418;515;952;13929
1464;1;miniSIM;0;12;117;2;854;1168;3927;1334906
1177;0;nanoSIM;1;29;191;2;178;882;311;167737
1348;0;SIM;0;52;98;3;1869;1942;955;472567
1956;0;nanoSIM;1;37;87;3;185;776;1109;381594
1751;1;microSIM;0;8;178;6;170;564;2969;897070
1530;0;miniSIM;0;42;177;6;454;1975;725;149921
1997;1;nanoSIM;0;40;185;4;866;1212;1655;650350
1414;1;microSIM;0;44;180;2;44;1118;3490;1266534
1707;0;nanoSIM;0;41;80;7;1331;1388;1774;735083
894;1;nanoSIM;1;50;199;3;1285;1462;3615;1173714
645;0;microSIM;1;41;184;8;741;1130;714;48060
1163;1;nanoSIM;0;49;155;2;520;754;2768;624086
1126;0;nanoSIM;0;49;165;8;114;1726;3739;1186918
1648;0;microSIM;1;64;170;4;1153;1876;610;313591
1170;0;microSIM;1;14;199;2;474;709;715;54457
508;0;microSIM;1;42;94;1;39;557;663;153031
1097;1;microSIM;0;64;161;3;419;1914;1725;496932
728;1;nanoSIM;1;5;101;2;584;775;834;173182
1980;1;nanoSIM;1;29;177;1;312;1910;3865;1248511
1504;1;nanoSIM;0;64;182;1;19;1923;3059;1241425
1379;1;SIM;1;63;83;1;207;1370;651;42313
1698;0;microSIM;1;18;160;6;363;994;796;127888
920;1;microSIM;0;25;115;7;209;1078;785;11959
1144;1;nanoSIM;0;21;189;1;159;724;3252;987399
1995;0;microSIM;0;26;129;1;649;1104;1322;291255
1430;1;nanoSIM;0;27;183;1;1132;1182;2832;727448
972;1;microSIM;0;13;193;5;1392;1795;1615;526240
662;0;microSIM;0;20;138;1;1001;1224;2125;435751
1867;0;nanoSIM;1;9;191;6;712;1442;990;569757
1730;1;nanoSIM;1;20;143;4;418;1023;1595;515958
1723;0;nanoSIM;1;7;126;3;384;1361;1213;503024
1882;1;microSIM;0;47;140;2;119;652;2500;615926
803;1;nanoSIM;0;18;106;4;627;935;2801;956264
580;1;nanoSIM;0;47;91;3;1086;1345;3451;1092276
668;0;nanoSIM;1;48;114;1;195;1292;1201;128376
1391;0;nanoSIM;1;36;182;1;14;1256;3139;999386
1560;0;nanoSIM;1;22;169;7;745;1364;1938;831400
821;1;microSIM;0;54;109;3;253;1786;3185;944006
811;1;microSIM;1;2;106;6;333;1429;2111;314074
1989;1;microSIM;0;17;193;8;629;682;2369;767503
1034;1;microSIM;0;37;120;7;707;1199;3625;1003632
618;0;nanoSIM;0;6;86;1;1314;1688;1051;168513
654;0;nanoSIM;1;52;196;4;1715;1898;1036;264873
576;0;nanoSIM;1;10;184;5;513;1438;2938;657233
667;0;microSIM;1;3;185;6;13;1463;2855;934264
869;0;microSIM;1;57;118;1;1243;1584;2727;895778
635;1;nanoSIM;0;42;149;3;300;1059;2973;922177
609;0;SIM;1;44;117;1;58;1253;2581;478171
1557;1;SIM;0;2;123;5;1107;1442;2690;1121878
1604;0;nanoSIM;0;33;191;8;134;939;916;109897
1182;0;microSIM;1;8;138;8;275;986;2563;813967
848;1;miniSIM;1;19;148;7;176;1029;3359;850080
1610;0;microSIM;1;64;181;4;1236;1280;941;326852
1828;1;nanoSIM;0;17;199;1;336;898;2280;782978
880;1;nanoSIM;1;50;194;7;1116;1381;827;86038
1394;1;miniSIM;1;62;175;5;1010;1565;473;68417
1960;1;nanoSIM;1;61;86;7;205;1299;3865;1313320
809;0;miniSIM;0;21;91;7;1453;1726;1274;293410
899;1;miniSIM;1;57;172;2;788;1331;364;86726
1976;1;microSIM;0;32;171;2;1301;1922;3699;1020311
879;1;nanoSIM;1;21;187;4;463;1038;2927;813985
916;0;nanoSIM;0;36;195;4;188;992;1470;13640
763;1;microSIM;1;2;92;8;1028;1186;1050;65203
508;1;nanoSIM;0;9;162;6;1419;1920;2616;677993
825;1;nanoSIM;0;34;99;8;1471;1866;2915;1229028
1864;0;microSIM;1;46;178;1;168;981;2686;658024
1725;1;microSIM;1;52;185;6;1125;1195;1243;426069
1108;0;miniSIM;0;52;183;2;130;1706;3264;1209156
1011;0;microSIM;1;36;131;7;481;749;2261;488739
1703;1;SIM;1;55;138;5;1411;1711;2993;1120900
1067;1;nanoSIM;0;58;135;7;79;681;706;220370
1334;0;microSIM;1;42;115;5;1187;1974;2542;1238288
775;0;nanoSIM;0;30;189;7;561;1510;2523;970924
1899;0;nanoSIM;0;26;151;2;96;814;336;60441
930;1;nanoSIM;1;14;97;6;77;1025;2457;302379
1058;0;nanoSIM;0;19;166;4;493;1247;418;115436
1187;0;nanoSIM;1;46;145;2;1173;1814;3917;1267738
1874;1;miniSIM;0;8;166;7;964;1233;1246;406033
1482;0;nanoSIM;0;48;142;7;634;642;2971;798097
1809;0;nanoSIM;1;59;174;3;639;721;2324;617447
864;1;nanoSIM;1;54;187;2;127;1670;3121;701237
625;0;miniSIM;1;33;191;1;431;550;3801;981588
1880;0;microSIM;1;18;138;3;71;699;3333;1110219
1138;0;miniSIM;1;44;187;8;111;1138;3475;1053014
560;0;SIM;0;23;146;8;356;1903;2360;428494
1117;0;nanoSIM;0;12;144;7;798;817;2895;803879
1712;0;nanoSIM;0;63;137;7;747;1126;3652;1122553
1836;1;nanoSIM;0;26;134;6;408;1139;3097;1084596
1036;0;nanoSIM;0;39;119;7;373;926;2101;401490
1860;0;SIM;0;23;162;4;1362;1506;3918;1334758
1375;0;nanoSIM;1;9;145;7;475;726;3869;1315301
1945;1;nanoSIM;1;57;195;4;743;1753;732;457745
1896;1;microSIM;1;7;141;2;447;794;3684;1246906
788;1;microSIM;1;57;91;8;42;1161;3969;1112897
880;1;nanoSIM;0;33;173;2;30;1350;1414;174980
1323;1;miniSIM;1;28;131;4;162;619;1892;492122
1868;1;nanoSIM;1;42;169;1;347;660;3131;1341538
1266;1;nanoSIM;1;7;184;3;346;1468;2532;690187
1042;1;SIM;1;50;93;7;727;1705;3215;1179913
1479;0;microSIM;0;19;156;3;180;1476;3323;1174969
1476;1;nanoSIM;1;55;171;4;1641;1666;1529;680877
1552;0;microSIM;1;13;123;6;269;1026;2403;913624
1454;1;nanoSIM;0;34;83;4;250;1033;3419;1074608
1007;0;nanoSIM;0;45;95;5;1186;1529;3648;1164273
652;1;miniSIM;1;17;173;5;77;559;1974;152961
1504;0;miniSIM;1;34;142;8;507;973;2806;602296
1726;1;nanoSIM;0;51;193;4;379;1223;2239;879516
1029;1;microSIM;1;5;171;5;264;956;582;99200
1582;0;nanoSIM;1;44;112;6;1486;1797;3890;1140812
1478;1;miniSIM;0;48;99;5;694;882;1141;335855
1178;0;nanoSIM;0;49;101;5;579;596;2511;766300
707;1;nanoSIM;0;25;131;3;495;574;3838;1316584
755;0;microSIM;1;51;186;4;315;990;2734;700789
912;0;nanoSIM;0;54;161;8;329;1053;2330;481183
651;1;nanoSIM;1;63;176;5;548;858;2244;471560
1483;0;nanoSIM;1;54;176;7;531;758;1851;277684
914;0;nanoSIM;0;4;100;2;191;1495;808;105912
1456;1;microSIM;0;7;105;5;823;1104;1587;297600
1178;1;microSIM;0;57;84;3;96;1352;2492;853540
1503;0;miniSIM;1;43;166;4;841;1304;2122;843362
1681;0;nanoSIM;0;11;158;2;195;1205;1122;236755
715;1;microSIM;0;48;160;4;21;562;3709;622116
1876;1;nanoSIM;1;56;182;3;235;585;3021;977781
1190;1;miniSIM;0;47;186;6;1417;1441;624;37994
1755;0;nanoSIM;1;24;134;7;286;1075;3937;1188540
1197;0;nanoSIM;1;20;149;6;649;1629;1797;580423
1048;0;miniSIM;1;28;194;2;966;1975;1458;305550
1887;1;microSIM;1;17;126;8;1172;1798;3348;1313938
1772;1;nanoSIM;0;64;116;8;270;545;1834;266560
1421;0;nanoSIM;1;57;165;1;781;1657;2775;1238717
1464;1;nanoSIM;1;17;153;6;418;1341;1277;509406
728;1;microSIM;0;23;111;4;126;817;457;148708
954;0;nanoSIM;0;50;134;2;228;1058;438;119198
685;1;microSIM;1;13;82;7;1091;1203;3210;1061697
1472;1;nanoSIM;0;36;130;6;1452;1744;985;432217
853;0;miniSIM;1;3;200;2;674;740;3701;1142517
1469;0;nanoSIM;0;8;123;7;398;1133;1052;132795
1310;1;microSIM;0;57;135;8;449;889;1175;97048
1654;0;nanoSIM;0;11;146;7;1184;1719;1070;337224
902;0;nanoSIM;0;3;134;7;675;1285;3411;1212093
1448;1;miniSIM;0;26;156;3;1792;1850;1175;524320
1631;1;nanoSIM;1;3;198;7;177;1905;301;64855
1608;1;microSIM;0;28;183;2;1013;1158;489;186954
1991;0;microSIM;1;64;145;2;1058;1325;1733;873459
1349;1;SIM;0;62;114;5;592;772;2756;982142
1589;0;microSIM;1;51;195;1;810;1743;2612;683569
1844;1;nanoSIM;0;51;158;8;533;882;1724;538388
712;1;nanoSIM;1;35;84;2;558;1208;2190;328763
972;0;nanoSIM;1;54;107;3;681;1050;1900;385411
1406;1;nanoSIM;1;34;98;3;1017;1366;3915;1129300
1289;0;miniSIM;1;25;178;6;765;899;1043;98219
932;0;nanoSIM;0;64;154;7;1176;1224;3817;1148310
1747;0;microSIM;1;48;94;3;947;1131;2362;751355
1172;1;microSIM;0;41;95;3;1314;1884;1107;545306
1128;0;miniSIM;0;53;84;5;609;1370;2982;1037581
664;1;nanoSIM;0;28;106;5;754;1497;2042;552955
513;0;microSIM;1;44;186;4;619;867;1343;27502
1742;1;miniSIM;1;43;170;7;453;681;2610;765022
1512;0;miniSIM;0;6;162;7;205;884;2335;899216
1986;1;nanoSIM;1;51;165;8;282;1358;1614;318675
965;1;microSIM;0;13;109;2;130;998;1138;121233
1067;1;nanoSIM;1;40;122;8;494;1989;604;189200
1583;0;microSIM;1;42;118;3;275;862;3652;1201882
1653;1;nanoSIM;1;37;176;4;447;1785;3955;1256032
1433;0;microSIM;0;4;133;8;281;799;258;186833
765;0;nanoSIM;1;18;153;7;6;793;1066;157258
1845;1;miniSIM;0;61;96;1;292;695;1731;450296
752;1;nanoSIM;0;48;87;7;164;728;3860;1299077
1948;1;microSIM;0;16;100;5;631;1940;3630;1097440
1077;1;nanoSIM;1;45;174;3;897;1304;1965;377150
932;0;nanoSIM;1;60;104;4;268;1078;1459;223812
1968;0;nanoSIM;0;22;115;3;861;1259;2323;692132
1122;0;miniSIM;0;2;120;4;331;790;3291;937552
1588;0;nanoSIM;1;61;159;1;1064;1594;3272;1214531
601;0;microSIM;0;26;101;4;509;548;918;31460
1615;0;SIM;0;15;132;4;622;1256;3488;1219273
1589;1;nanoSIM;0;58;128;4;957;1911;3961;1058949
1417;0;nanoSIM;1;56;114;6;494;1649;590;80285
1697;0;nanoSIM;1;34;95;1;236;1264;3701;1069336
1330;1;SIM;0;3;83;5;980;1262;463;172667
1476;0;nanoSIM;1;43;148;2;1789;1972;3644;1296120
1579;0;nanoSIM;0;27;142;6;831;1484;1713;561654
1277;0;nanoSIM;1;41;200;4;902;1090;429;189962
1089;1;miniSIM;1;2;145;5;636;1259;2765;813682
1663;1;miniSIM;1;27;169;4;831;1439;2084;862191
1949;0;nanoSIM;0;20;186;5;518;592;1125;251908
1138;0;microSIM;1;48;109;3;233;1777;2048;600936
685;0;microSIM;0;17;174;6;725;870;1223;61812
1889;0;microSIM;1;31;132;1;170;1106;3672;1286623
857;1;nanoSIM;0;17;195;7;157;948;3100;689818
1902;1;microSIM;0;50;124;8;1142;1393;343;201547
1225;0;nanoSIM;0;15;155;5;840;982;1970;577940
1066;0;microSIM;0;39;131;5;401;1586;2728;860961
1554;1;miniSIM;0;5;124;3;395;1579;3635;1330765
1337;0;miniSIM;0;31;186;2;48;644;2180;478506
1926;1;nanoSIM;1;33;172;3;982;1157;2488;710532
869;1;nanoSIM;0;34;104;2;478;539;3864;1087750
1278;1;nanoSIM;0;54;104;8;581;750;1155;206295
1773;0;SIM;1;32;170;6;1215;1472;3566;1073245
1661;1;nanoSIM;1;6;109;7;594;1337;864;438438
1438;0;nanoSIM;1;32;176;7;683;1663;869;35913
1661;0;nanoSIM;0;29;119;2;536;861;591;41970
1846;0;nanoSIM;0;19;159;1;83;773;1333;515004
1260;1;nanoSIM;1;23;123;7;905;1313;2208;741704
512;1;microSIM;0;15;83;3;249;1849;2610;804084
581;0;nanoSIM;0;59;185;5;803;1613;2819;887876
1872;0;microSIM;0;44;134;3;459;1259;1955;803610
687;0;miniSIM;1;50;151;4;584;1151;3416;1238089
1062;1;microSIM;0;10;160;1;1596;1807;3803;1105221
1678;1;miniSIM;0;7;192;1;418;1763;574;225727
1417;0;miniSIM;1;45;166;4;364;1029;2129;252501
1074;1;nanoSIM;1;9;103;6;946;952;1948;577123
1832;0;nanoSIM;0;2;90;7;186;654;2978;964193
1039;0;nanoSIM;1;12;200;8;1428;1827;1619;349033
1059;0;microSIM;0;61;134;3;1613;1916;3716;1017862
1606;0;nanoSIM;0;57;154;4;1127;1924;3454;1068141
1928;0;miniSIM;1;19;187;3;691;1580;3777;1008017
1875;1;miniSIM;1;55;91;1;1802;1942;2712;1192931
1128;0;miniSIM;1;46;135;8;751;1582;1434;299565
1748;1;microSIM;1;14;146;3;859;1234;3968;1244582
1413;1;microSIM;0;51;117;5;187;517;3383;1348499
825;1;nanoSIM;1;23;86;2;206;1917;3278;1270541
1589;0;nanoSIM;1;26;100;8;1673;1759;3970;1294430
535;1;microSIM;1;54;145;8;710;939;2674;930448
1780;0;microSIM;0;27;190;4;1331;1463;2776;1060619
1671;1;microSIM;1;61;129;2;263;848;2336;805123
1821;0;miniSIM;1;12;114;1;97;1803;2430;653239
1076;0;nanoSIM;1;38;119;6;129;915;891;196483
532;1;nanoSIM;0;8;193;5;1213;1354;728;22923
777;0;nanoSIM;0;30;148;5;189;1143;3886;1271350
1217;0;nanoSIM;0;17;182;4;628;632;1711;409961
1656;1;nanoSIM;0;16;117;7;320;899;2856;988569
1185;0;nanoSIM;0;31;152;8;837;1642;2447;843970
577;0;microSIM;1;37;161;6;1087;1450;814;168863
737;1;microSIM;0;49;193;4;781;1463;2951;788274
704;1;microSIM;0;53;186;6;251;1013;3653;931072
525;1;microSIM;0;51;137;8;262;1587;1891;349608
504;1;microSIM;0;16;166;1;767;1665;701;159080
793;1;nanoSIM;1;38;176;4;1226;1815;3139;1257433
569;1;nanoSIM;0;39;184;8;389;739;2811;511917
1590;1;nanoSIM;1;21;160;5;920;963;1701;480167
707;0;nanoSIM;1;16;194;2;1027;1508;1853;584455
767;0;SIM;1;19;185;6;271;1000;2445;327941
1350;1;nanoSIM;1;50;181;8;369;544;2287;597440
1117;1;nanoSIM;0;31;146;2;1258;1627;2003;855066
641;0;nanoSIM;1;7;192;1;417;759;3595;707283
1002;1;nanoSIM;1;35;83;2;1345;1416;1726;525815
1408;1;miniSIM;0;45;89;5;613;1088;3952;1141867
1900;1;nanoSIM;0;41;190;8;912;1596;850;543732
726;0;nanoSIM;0;43;101;8;666;760;1446;100189
1544;0;miniSIM;1;45;113;8;236;857;1300;330156
1454;0;microSIM;1;21;160;4;186;1100;719;88871
1230;1;microSIM;0;26;123;5;416;676;988;77700
1552;0;miniSIM;1;53;180;8;430;658;2606;811526
1519;0;nanoSIM;0;32;200;1;168;1239;2912;711575
723;0;microSIM;0;30;102;1;1467;1901;2339;647832
1191;1;nanoSIM;0;13;169;1;179;1813;1028;175946
1168;0;miniSIM;0;61;90;8;159;1578;3173;1180305
1229;1;SIM;0;14;191;2;120;1878;1667;371218
1758;0;miniSIM;1;13;190;8;762;1864;1897;687909
1290;0;nanoSIM;0;3;143;6;600;1109;1214;462746
574;1;SIM;0;38;90;6;286;1171;3269;931227
1271;0;miniSIM;0;32;113;7;1350;1949;445;137160
1170;0;microSIM;0;30;83;8;27;1722;1073;109189
1269;0;SIM;0;52;118;2;1597;1920;665;410628
1288;1;SIM;0;50;121;2;1177;1809;3129;1175355
1366;1;nanoSIM;1;34;150;2;402;964;3501;1026625
1572;1;microSIM;1;8;169;5;577;1237;3461;1312497
1627;1;miniSIM;1;32;180;6;52;1082;3206;1219988
1701;0;miniSIM;1;46;115;2;364;828;3717;1038640
1900;1;nanoSIM;1;55;171;1;934;1241;3917;1275942
1974;0;microSIM;0;24;80;7;250;545;861;23448
1197;1;miniSIM;0;20;129;5;214;1710;2885;725751
587;1;microSIM;0;6;170;1;612;1793;2777;748179
934;0;microSIM;0;24;112;5;1111;1463;1017;74220
1195;1;nanoSIM;1;23;82;4;163;1100;980;185317
1853;0;nanoSIM;0;23;92;1;202;1951;2775;1338513
1164;0;microSIM;1;19;95;8;729;1704;3309;1092189
1512;0;microSIM;1;18;88;3;1079;1897;3607;1333026
1232;1;nanoSIM;1;24;169;5;361;809;1257;147013
1813;1;nanoSIM;1;5;198;3;338;1306;759;131020
946;1;SIM;0;5;166;3;1698;1771;3720;1009107
739;1;nanoSIM;1;58;88;3;1052;1536;475;225906
704;0;microSIM;1;29;80;1;1108;1509;1122;134755
1663;0;nanoSIM;0;40;147;4;951;1545;1336;265399
1966;1;nanoSIM;0;40;185;8;1197;1987;1185;672507
1219;1;nanoSIM;0;17;196;5;473;1022;705;64350
612;0;microSIM;0;35;181;5;1294;1337;3169;959804
1658;0;nanoSIM;1;39;182;1;410;522;3483;1057096
1263;0;miniSIM;0;64;175;5;178;1883;1183;577429
1395;0;nanoSIM;1;55;118;3;782;1787;3373;1107220
621;1;nanoSIM;0;54;151;4;434;910;2801;683831
652;1;nanoSIM;0;58;142;3;464;781;565;201758
1175;0;miniSIM;0;25;145;2;137;1501;3153;793980
561;0;nanoSIM;0;11;163;8;492;1176;3421;793364
1137;0;microSIM;1;3;173;5;1250;1285;316;110151
1835;0;microSIM;1;11;193;7;385;583;448;71712
1170;1;nanoSIM;0;40;169;6;427;684;2366;507249
1595;1;nanoSIM;1;44;85;4;1024;1838;3881;1232736
1719;0;nanoSIM;0;12;122;8;240;904;462;174514
1770;1;nanoSIM;0;7;128;7;886;1552;1480;577907
1312;1;nanoSIM;1;28;163;2;1233;1854;1087;283788
1878;1;microSIM;1;56;139;5;183;559;2711;692414
1871;0;microSIM;1;20;81;7;88;1682;2144;887539
922;1;nanoSIM;1;35;188;7;1016;1383;1165;151507
1975;0;microSIM;1;16;128;8;80;655;2998;749431
1212;0;nanoSIM;1;46;102;4;611;1715;2249;863425
1430;0;nanoSIM;0;56;179;3;569;906;752;175641
1958;1;nanoSIM;0;4;190;2;304;637;1409;533024
1836;1;nanoSIM;1;30;184;7;276;1230;3072;1336856
557;0;nanoSIM;0;24;125;3;1131;1315;1305;56114
539;1;miniSIM;0;21;145;7;551;599;3597;697358
880;1;nanoSIM;0;44;172;8;436;1302;3132;931475
1369;1;microSIM;0;34;162;1;553;727;3856;1082798
1109;1;nanoSIM;0;39;98;1;1391;1787;1524;537248
843;1;nanoSIM;0;16;166;5;981;1096;3673;1025690
598;1;microSIM;0;21;196;2;680;1173;3293;803409
972;1;nanoSIM;0;5;126;4;687;816;3035;793181
1944;0;microSIM;1;36;197;6;1060;1970;584;538435
1225;1;nanoSIM;1;2;138;7;217;1101;2675;913808
644;1;microSIM;1;30;114;1;1140;1654;2382;967122
1919;0;microSIM;1;48;150;4;304;1191;1391;305273
501;0;miniSIM;1;54;131;4;504;1089;2346;278547
1620;1;nanoSIM;1;30;185;3;832;1033;606;192306
1227;1;nanoSIM;0;34;130;3;935;1781;1324;595160
1359;1;nanoSIM;1;58;107;6;446;901;1076;160238
1914;0;nanoSIM;0;35;118;8;942;1701;643;447325
1645;0;nanoSIM;0;21;123;7;897;1308;783;199898
1063;0;nanoSIM;1;26;101;5;1208;1232;3809;1242341
946;0;nanoSIM;1;19;154;8;159;630;2104;465338
1231;1;microSIM;0;54;185;3;632;1184;1762;385574
1397;1;miniSIM;0;9;87;6;1308;1991;3137;1296710
701;0;microSIM;0;15;160;3;1002;1256;1756;276529
570;1;nanoSIM;0;9;111;7;1331;1917;3663;1058494
1993;0;miniSIM;1;27;147;8;150;510;2437;602054
955;1;microSIM;0;43;143;5;1248;1511;1432;441213
924;1;nanoSIM;1;47;167;8;108;1813;1620;427562
600;0;nanoSIM;0;14;112;5;320;747;1655;204587
518;1;nanoSIM;0;3;178;7;437;1947;2832;833178
1063;0;nanoSIM;1;31;95;6;295;935;961;177527
920;0;nanoSIM;0;46;149;3;1058;1421;2608;959987
1715;0;microSIM;1;3;171;5;79;1652;514;217538
1841;1;microSIM;0;14;167;8;593;672;2304;765138
543;1;microSIM;1;60;132;5;693;1031;933;17608
1762;1;miniSIM;1;25;189;1;300;527;1896;310853
1112;1;nanoSIM;0;53;121;4;234;739;3655;1293749
709;1;nanoSIM;0;35;136;1;1545;1596;1973;364854
1315;0;microSIM;0;64;128;7;59;575;3278;897188
1762;0;miniSIM;1;15;107;8;1103;1364;2183;646468
1462;1;nanoSIM;0;25;182;7;91;1478;824;142892
571;1;microSIM;0;35;186;7;177;1282;2598;317097
666;1;microSIM;1;54;81;3;58;1353;1254;75899
1994;1;nanoSIM;1;7;146;8;447;1435;3622;1281646
1583;1;miniSIM;0;14;148;7;942;1651;1704;805971
1778;1;nanoSIM;1;45;132;4;88;516;1624;577771
1926;0;miniSIM;1;50;179;6;371;1000;3809;1270542
966;0;miniSIM;1;50;117;4;1446;1754;2574;693341
568;0;nanoSIM;0;36;179;3;181;1703;950;117814
1897;0;nanoSIM;1;21;192;8;1311;1935;273;71837
1695;1;microSIM;1;46;200;3;1791;1898;446;345851
1623;0;microSIM;1;61;120;7;1568;1832;1510;710568
914;0;nanoSIM;1;26;147;4;706;721;1122;61349
1721;1;microSIM;1;33;128;4;871;1048;707;26046
890;1;microSIM;0;44;198;8;1074;1873;751;108634
600;0;nanoSIM;0;48;191;3;501;1465;3393;655676
1677;1;microSIM;0;11;124;6;271;1477;3771;1170678
723;0;nanoSIM;1;3;168;4;920;1748;1851;264319
638;1;miniSIM;0;27;102;4;1171;1383;2735;765540
852;1;microSIM;1;62;104;7;293;1159;2253;380206
1979;1;nanoSIM;0;32;165;7;833;1630;452;137575
710;0;microSIM;0;32;151;5;485;857;1419;122810
1034;1;nanoSIM;1;45;190;3;182;1293;969;114341
600;1;microSIM;1;22;145;1;207;1162;3441;928943
1027;0;nanoSIM;1;64;103;2;1698;1747;3786;1152180
1260;0;microSIM;1;13;106;6;165;736;2710;607418
1793;1;miniSIM;0;12;169;6;1086;1418;3533;1185512
675;0;miniSIM;0;60;144;5;192;757;1735;201898
658;0;nanoSIM;1;12;103;7;1156;1750;3587;1004173
1694;0;nanoSIM;1;34;102;7;377;549;2298;932359
804;1;miniSIM;1;41;89;1;709;818;2027;447196
1713;1;nanoSIM;0;27;127;7;729;974;2406;725507
706;0;miniSIM;1;31;108;3;543;938;2419;371817
1362;0;nanoSIM;0;25;131;7;553;1505;995;2232
1527;0;miniSIM;1;60;154;5;526;1116;2078;946264
768;1;nanoSIM;0;19;159;2;637;991;1145;34139
1314;1;microSIM;1;41;155;4;113;577;626;110386
705;0;microSIM;1;57;155;6;1114;1374;1509;257134
1403;0;nanoSIM;1;26;164;5;461;1251;3371;1105833
1486;0;microSIM;0;52;85;4;1430;1747;297;249790
781;0;nanoSIM;0;38;198;5;304;1674;3508;1155337
986;0;nanoSIM;1;23;183;8;471;800;2385;254144
1310;0;nanoSIM;0;33;105;1;806;1016;1301;469107
560;1;microSIM;1;57;81;3;80;1327;2167;547958
1348;0;nanoSIM;0;43;116;5;204;501;3914;1250885
1567;1;nanoSIM;0;22;119;6;545;1621;2312;747852
1940;1;microSIM;0;17;93;5;112;858;2297;924400
1979;1;nanoSIM;1;19;176;3;1331;1532;411;237070
561;1;microSIM;1;2;193;3;1055;1294;665;140735
1717;0;nanoSIM;0;62;130;1;609;810;3226;1014263
535;0;nanoSIM;1;48;113;1;290;811;740;239982
1413;1;microSIM;1;39;185;5;1039;1318;3878;1105619
1358;1;nanoSIM;0;20;135;7;1485;1655;3406;1349035
1519;0;nanoSIM;0;30;112;7;1122;1702;2440;705353
1254;1;nanoSIM;0;50;108;5;462;1013;3959;1112264
1591;0;nanoSIM;1;49;154;6;1384;1883;3703;1349700
977;1;nanoSIM;0;35;165;2;1502;1862;3714;1069121
1640;0;miniSIM;1;21;169;7;589;1301;337;61595
663;1;nanoSIM;0;25;183;2;82;1605;3176;692589
1744;0;nanoSIM;1;20;112;8;68;718;1205;390600
1624;1;microSIM;0;28;150;2;689;699;2473;743353
1108;1;SIM;1;2;169;7;208;1742;1229;186174
1188;1;nanoSIM;1;9;114;2;1339;1558;2896;1067866
817;0;nanoSIM;0;11;144;3;722;766;2039;568503
863;1;microSIM;1;6;133;4;717;1799;520;226638
1397;1;microSIM;1;3;121;3;433;1658;1378;250794
1108;0;nanoSIM;0;49;140;5;1298;1666;3254;1115445
1068;1;nanoSIM;1;37;184;7;186;1998;1803;548525
1702;0;miniSIM;1;52;145;2;1397;1491;2501;1300677
808;1;nanoSIM;0;8;192;4;618;1891;3762;1007747
1156;0;microSIM;0;61;89;7;1214;1262;1796;330762
1271;1;nanoSIM;0;54;159;8;613;650;990;68520
696;0;microSIM;0;51;197;3;649;907;2630;478004
1981;1;miniSIM;0;45;175;6;193;1234;1380;250046
614;1;nanoSIM;1;58;128;7;22;519;3487;675503
1590;1;nanoSIM;0;7;122;3;1464;1595;1201;276375
1945;0;microSIM;0;21;113;3;280;895;3015;1319442
1135;1;miniSIM;0;43;158;1;690;1589;3204;1188448
1049;1;microSIM;1;2;172;6;39;1564;433;29997
1807;0;nanoSIM;0;49;125;1;337;1384;1906;635886
984;0;miniSIM;1;42;98;7;1036;1611;898;85680
720;1;nanoSIM;1;61;96;7;1347;1733;2799;1227481
1536;0;miniSIM;0;13;105;7;22;1634;2020;785042
771;0;nanoSIM;0;25;86;4;327;922;770;41436
503;0;nanoSIM;0;57;185;6;778;1291;305;239200
675;0;nanoSIM;0;42;187;7;482;874;2953;946888
1936;1;miniSIM;1;34;182;7;591;1089;1671;458903
1303;1;nanoSIM;1;15;138;3;229;1604;2574;933787
1004;1;nanoSIM;0;35;141;6;901;1162;3772;1137879
1972;1;nanoSIM;0;37;102;2;715;1648;2870;1223078
1822;0;nanoSIM;0;8;195;6;172;910;2577;750401
1159;0;microSIM;1;18;83;1;681;723;2246;301929
1782;1;microSIM;1;58;157;1;867;999;2405;757152
894;1;SIM;0;16;168;8;286;1300;3377;850855
1884;1;microSIM;1;43;185;1;451;819;3619;1014491
1648;0;nanoSIM;1;17;142;2;1119;1238;1184;523207
798;0;microSIM;0;4;96;3;526;643;2965;641647
802;1;nanoSIM;0;45;157;3;1299;1633;3713;1269706
1276;1;nanoSIM;0;53;130;2;217;735;3798;1005504
1331;0;nanoSIM;0;16;165;2;1109;1226;1026;408687
1620;1;microSIM;0;5;186;6;434;1339;1086;554084
1996;0;microSIM;1;51;122;4;671;1445;2236;819752
1092;1;microSIM;0;45;185;1;1404;1424;1303;312826
1018;1;microSIM;0;63;155;5;856;883;3048;968885
545;0;nanoSIM;1;11;131;3;381;1452;616;73382
554;0;nanoSIM;0;12;105;6;85;806;3764;847519
1264;1;nanoSIM;1;34;171;3;562;849;419;132569
1030;1;nanoSIM;1;58;138;6;1111;1812;2858;1081866
1432;1;microSIM;1;39;164;4;209;947;504;23293
558;0;nanoSIM;1;49;142;5;997;1605;392;82604
829;0;nanoSIM;0;56;129;7;91;1916;820;167954
1741;0;nanoSIM;0;14;143;8;730;1895;3387;1247171
1849;0;microSIM;1;15;144;5;606;1123;3447;1297551
733;0;microSIM;1;7;174;7;445;1409;1403;100036
1872;1;nanoSIM;0;16;80;2;286;1484;2295;801175
1853;1;nanoSIM;0;27;197;6;985;1005;1973;801732
1149;0;microSIM;0;30;106;6;1617;1675;3755;1182617
891;1;miniSIM;1;25;196;2;375;1724;2073;298068
1911;0;microSIM;1;64;163;8;1795;1958;3872;1062164
550;0;SIM;1;23;145;2;486;1930;302;15337
576;0;nanoSIM;1;27;121;2;757;1518;1519;336961
1760;0;nanoSIM;1;50;198;1;273;1704;2549;847595
969;0;nanoSIM;0;45;124;7;491;589;404;228655
1160;0;nanoSIM;1;63;166;3;762;859;595;134343
827;1;nanoSIM;1;18;160;2;448;821;1663;237765
1786;0;miniSIM;1;58;161;7;231;1671;2764;1145323
774;1;nanoSIM;1;8;136;1;1713;1865;2614;832324
819;1;nanoSIM;1;11;83;8;438;822;1094;73455
1042;0;SIM;1;11;139;5;68;1018;2826;608922
1368;1;miniSIM;0;50;97;7;698;829;2496;838323
1592;0;microSIM;1;50;181;2;510;522;2103;285272
1067;1;miniSIM;0;14;146;1;965;1009;966;121902
1892;0;microSIM;0;47;110;4;1399;1564;2172;620189
915;0;microSIM;0;56;187;8;532;1448;905;3713
774;0;microSIM;1;55;124;3;8;896;3916;1165385
1848;1;nanoSIM;1;42;179;2;154;605;3902;1173237
1501;0;miniSIM;1;2;187;1;198;1056;2487;948324
1614;0;microSIM;1;55;188;3;860;1330;3914;1076062
911;0;nanoSIM;0;46;181;5;461;670;363;133439
1520;0;nanoSIM;1;24;199;5;109;1909;3233;1037653
1647;1;nanoSIM;1;38;102;6;193;1185;2532;792936
1347;1;microSIM;1;53;108;6;961;1008;3836;1164331
967;0;microSIM;0;25;92;8;243;1642;3076;744844
1442;0;nanoSIM;1;56;145;5;1626;1668;1513;913415
1204;0;nanoSIM;0;10;199;7;480;1482;1724;323588
1320;1;nanoSIM;1;41;144;7;123;1229;542;61624
1800;0;nanoSIM;1;8;100;7;400;823;3481;1219052
1567;1;nanoSIM;0;22;153;3;190;1326;3991;1250827
1439;0;miniSIM;1;20;147;1;626;932;1790;441920
1422;0;SIM;0;3;112;1;1;926;509;187080
1591;1;microSIM;1;52;161;3;548;1641;282;244041
880;0;nanoSIM;0;6;198;4;632;660;3006;654987
1929;1;nanoSIM;1;19;163;6;349;1051;1913;570416
1642;1;nanoSIM;0;5;102;5;1686;1889;1333;938419
1511;1;nanoSIM;0;21;114;3;1455;1982;3746;1230604
1312;0;microSIM;1;10;163;2;95;893;3941;1108652
1852;0;microSIM;1;10;196;1;580;1163;3970;1216059
972;0;microSIM;0;44;82;7;297;589;3925;1271714
691;1;microSIM;1;33;108;4;951;962;424;94784
807;0;miniSIM;0;8;158;5;667;697;1284;171879
1113;1;nanoSIM;0;25;145;1;1047;1312;277;144772
721;1;miniSIM;0;16;125;1;408;1862;1713;313144
1188;1;nanoSIM;0;54;198;6;1150;1469;485;196129
1512;0;nanoSIM;0;52;131;1;333;952;3002;634365
805;0;nanoSIM;0;64;97;4;641;704;418;74437
918;1;nanoSIM;0;8;123;7;653;671;1652;257918
1320;1;microSIM;0;48;168;5;103;1583;2893;754042
1236;1;nanoSIM;1;57;188;1;517;809;1406;241222
1387;0;nanoSIM;1;61;98;3;785;1151;629;105751
1883;1;microSIM;1;30;95;2;531;791;3724;1303491
839;1;nanoSIM;0;14;175;7;564;1391;3835;1249212
1593;0;nanoSIM;1;52;130;8;761;1336;1354;592852
1722;0;microSIM;0;25;88;6;1179;1638;2376;1348612
1954;1;microSIM;0;7;126;3;673;690;3438;1173848
1788;1;SIM;1;2;150;6;472;1073;2655;635454
1628;0;microSIM;1;33;101;6;412;643;3361;1210984
1965;0;microSIM;1;4;84;7;977;1660;3535;1272599
833;0;microSIM;0;27;124;1;359;1395;2150;470183
571;0;nanoSIM;1;43;141;3;224;783;2587;312697
1808;1;nanoSIM;0;31;92;2;714;1208;2736;1137675
1860;1;nanoSIM;1;55;83;6;195;799;676;156970
1368;1;microSIM;0;9;115;7;843;1145;2941;1292075
1161;1;nanoSIM;1;21;126;8;308;1169;3336;1118794
1224;0;miniSIM;0;33;157;1;522;563;3796;1295372
902;1;nanoSIM;0;63;122;5;364;1360;3654;1163022
787;0;SIM;0;11;93;1;806;1423;2934;857380
854;0;nanoSIM;0;30;125;8;518;1152;2889;778487
1184;1;nanoSIM;1;48;191;1;519;1577;3315;1098581
1973;1;microSIM;1;39;152;4;792;1181;1993;678438
510;1;nanoSIM;0;35;120;3;382;1228;2509;337974
966;0;microSIM;1;34;118;2;214;1523;3534;1159350
1438;0;nanoSIM;0;16;169;8;859;867;2246;772004
1986;0;microSIM;0;51;95;3;342;774;3165;1301185
1907;0;miniSIM;0;55;105;7;713;1513;286;57344
1489;1;microSIM;0;32;200;1;172;812;776;68100
1843;1;miniSIM;1;16;134;6;118;580;3213;1206383
825;0;miniSIM;0;38;94;3;540;783;716;238395
1286;0;miniSIM;1;16;98;2;18;662;424;81282
840;0;nanoSIM;1;63;137;7;987;1081;3486;1226387
757;1;microSIM;1;58;163;4;535;697;3237;622868
814;1;nanoSIM;0;41;177;2;1092;1406;1944;486929
1195;1;nanoSIM;1;8;80;6;327;1001;643;108096
767;0;microSIM;1;10;107;4;517;1995;2317;716151
1068;0;microSIM;1;52;97;8;994;1500;1436;575112
994;1;nanoSIM;0;56;173;3;491;530;3190;996008
1550;0;microSIM;0;21;133;2;268;832;2338;988659
1878;0;miniSIM;0;29;85;8;210;1026;1334;458687
623;0;nanoSIM;0;6;127;3;144;672;3657;817304
1829;0;nanoSIM;1;15;160;5;729;1267;2080;845377
525;1;miniSIM;0;35;190;7;82;670;1609;49586
1065;0;nanoSIM;1;14;89;2;188;928;3078;741286
1425;0;miniSIM;1;35;127;8;150;1897;590;41283
1296;1;nanoSIM;0;11;129;7;1222;1382;2552;884790
642;0;nanoSIM;0;34;197;2;331;1011;3355;981851
1664;1;miniSIM;1;15;177;7;1178;1929;1968;703179
1498;0;nanoSIM;1;8;170;7;347;1076;3358;1177501
981;1;nanoSIM;0;2;136;3;75;688;1539;173141
1236;0;microSIM;1;32;143;4;492;1403;942;141386
1673;1;microSIM;0;9;187;3;65;734;3669;1291520
712;0;microSIM;1;9;172;2;881;1234;3612;1069012
569;1;miniSIM;1;4;170;3;351;1159;2351;450547
603;1;nanoSIM;1;64;156;6;1842;1968;604;14191
1332;1;nanoSIM;0;11;187;2;758;1165;1285;522153
1413;0;nanoSIM;1;13;128;1;1323;1481;515;225419
1064;1;nanoSIM;1;34;184;6;1175;1569;654;231949
1444;0;nanoSIM;0;48;82;5;1092;1554;2540;1005219
1366;1;microSIM;1;53;161;5;647;1876;3869;1258157
906;1;microSIM;0;18;136;2;1102;1793;3412;1048221
1554;1;nanoSIM;1;47;185;5;319;1367;509;99889
1187;0;nanoSIM;1;21;122;6;215;1125;2547;912541
1156;1;nanoSIM;1;30;173;3;945;1913;2735;990015
1918;0;nanoSIM;0;22;139;1;381;1203;1369;262406
841;1;microSIM;0;39;199;6;546;828;2942;649104
730;1;microSIM;0;6;167;7;1096;1155;2812;836044
878;0;miniSIM;1;31;153;4;575;618;3497;824618
1059;1;nanoSIM;0;50;182;8;519;1545;619;169529
1578;0;microSIM;0;3;200;1;342;670;3483;1155659
1829;0;nanoSIM;0;36;112;5;291;563;1475;356969
1132;0;nanoSIM;0;8;157;1;1091;1293;1950;408397
1652;1;microSIM;1;40;198;7;352;1084;3592;1309554
912;1;nanoSIM;0;58;107;5;165;1723;3573;1347243
1181;0;miniSIM;1;61;116;2;385;831;2020;261538
1497;0;microSIM;0;32;92;3;1920;1933;1329;649099
1790;1;nanoSIM;1;49;100;3;396;1980;3568;1147390
1742;0;nanoSIM;0;49;100;1;1134;1469;1947;757952
1549;0;microSIM;0;8;158;5;721;1514;1998;957128
1372;0;microSIM;0;34;193;4;687;937;725;52968
1112;0;nanoSIM;1;12;190;4;777;1119;3302;1349283
1005;0;nanoSIM;0;46;133;8;176;1556;3884;1302425
783;1;miniSIM;1;27;150;6;458;1263;1185;135938
1698;0;miniSIM;1;26;105;2;485;1819;1656;877739
899;0;nanoSIM;1;53;192;4;641;1638;2870;964415
1062;0;nanoSIM;0;45;151;3;798;1435;911;84441
989;0;microSIM;0;17;166;3;256;1394;3892;1255863
1983;1;microSIM;1;27;125;1;370;1197;3897;1155925
1800;0;microSIM;0;53;87;1;191;1108;656;72200
1254;0;nanoSIM;1;45;146;3;1571;1956;606;528339
868;0;nanoSIM;0;30;83;4;276;1026;1653;402042
1205;1;nanoSIM;0;12;175;4;573;614;860;94321
1284;1;nanoSIM;0;10;155;2;160;516;2197;558218
626;1;nanoSIM;1;23;187;2;90;1334;3458;980190
1763;1;nanoSIM;1;53;101;4;138;806;2066;544011
694;1;SIM;0;36;193;4;983;1230;3676;1003577
1265;1;microSIM;1;49;90;1;275;687;1518;557927
816;0;microSIM;0;14;198;3;149;558;1018;174649
904;0;nanoSIM;1;35;168;3;42;507;1360;208910
979;1;nanoSIM;1;5;164;7;793;1670;3449;1116422
1531;0;nanoSIM;1;60;162;6;625;765;2524;661260
934;1;nanoSIM;0;30;182;8;521;1190;703;138998
1624;1;nanoSIM;0;58;200;3;1530;1744;1251;557467
874;0;microSIM;0;8;185;1;442;1248;582;102920
1027;0;nanoSIM;0;63;102;5;152;714;1732;443907
1966;1;SIM;1;48;144;1;1242;1973;1252;612865
1048;0;nanoSIM;1;29;182;1;29;1670;2146;589379
1496;1;miniSIM;0;38;126;4;501;506;1927;294109
959;0;SIM;0;13;155;4;87;736;3328;954994
1349;1;microSIM;0;55;105;7;648;1019;2462;634212
1689;1;nanoSIM;1;13;168;2;521;674;1172;5537
1558;0;nanoSIM;1;27;146;1;120;1409;3598;1297376
582;1;nanoSIM;0;27;168;3;985;1420;2437;687003
1485;0;nanoSIM;1;44;138;4;341;774;3271;1103367
1991;0;miniSIM;0;9;94;3;751;1377;1511;417078
553;1;nanoSIM;1;23;119;3;993;1517;2981;900888
1231;1;nanoSIM;0;7;113;1;43;1663;3119;1007959
805;0;nanoSIM;0;34;88;6;1262;1538;3647;1164116
764;1;nanoSIM;0;13;152;8;361;511;3148;620084
894;0;microSIM;1;54;130;3;104;541;2829;947855
1589;0;miniSIM;0;46;84;3;618;940;2373;959726
1456;1;miniSIM;1;39;80;8;815;1666;3998;1063965
743;1;nanoSIM;1;33;95;2;1587;1659;316;239343
1061;0;nanoSIM;1;52;109;7;138;1330;999;247798
1428;0;nanoSIM;0;7;153;4;584;983;1808;293941
674;1;nanoSIM;1;8;93;3;750;772;589;142244
832;0;nanoSIM;1;46;93;6;820;1366;3317;1114853
1625;1;nanoSIM;1;50;107;8;8;1219;670;57027
907;1;nanoSIM;0;42;151;1;171;507;584;12929
1631;0;nanoSIM;1;13;166;2;960;1735;2173;748575
1584;0;microSIM;0;41;135;4;160;1291;1561;509923
1382;0;microSIM;1;13;199;2;612;719;2073;305609
633;0;nanoSIM;1;46;102;6;709;1915;1401;346658
1444;0;miniSIM;0;38;104;7;624;917;3764;1236662
852;1;microSIM;1;54;147;5;538;730;1275;124627
922;0;nanoSIM;1;47;157;8;1295;1808;1464;598507
1745;1;microSIM;1;57;159;3;1164;1908;2885;1011619
862;0;miniSIM;1;6;107;8;829;1977;3458;1014141
1754;1;nanoSIM;1;52;101;4;199;1452;3019;1137769
1008;0;nanoSIM;0;36;109;1;825;1972;1083;599655
1569;1;nanoSIM;0;33;147;1;519;930;3538;1140014
1596;1;microSIM;0;7;149;2;169;1190;2493;732501
1807;1;nanoSIM;1;61;134;6;1734;1968;3726;1278191
1660;1;microSIM;0;7;184;1;76;1165;1531;534295
1861;0;microSIM;1;55;148;7;1698;1877;601;419006
648;1;microSIM;0;8;91;5;819;1997;2991;773228
1379;1;nanoSIM;0;19;134;8;387;671;3912;1238281
1910;0;nanoSIM;0;34;115;2;985;1284;309;108340
1807;1;nanoSIM;1;13;155;8;970;974;323;221396
1923;1;microSIM;0;46;191;1;767;1759;1489;250606
1345;0;microSIM;1;38;162;3;512;1465;1322;410650
904;1;microSIM;1;14;102;8;56;760;1846;452653
1239;1;microSIM;1;52;122;2;590;661;417;151961
1330;0;microSIM;1;52;84;4;462;1304;3269;1097868
516;1;nanoSIM;0;30;138;1;126;698;3731;914434
672;1;nanoSIM;0;54;95;4;578;1143;667;142379
892;0;nanoSIM;1;47;94;1;655;1782;1241;398300
1778;0;nanoSIM;1;23;101;6;1028;1445;3941;1157304
1130;0;microSIM;1;58;132;5;88;1261;1018;128581
1359;0;microSIM;0;59;86;2;1692;1902;3142;1228280
1866;1;nanoSIM;1;47;89;5;358;1782;1444;500743
1597;0;miniSIM;0;34;89;1;64;1667;934;117646
1046;1;nanoSIM;1;58;100;8;259;1040;3863;1119718
1035;1;nanoSIM;1;44;99;3;236;1960;3506;1157365
1175;0;nanoSIM;0;19;164;7;873;1394;1944;483659
1261;1;nanoSIM;1;11;90;4;858;1591;348;66211
1068;1;miniSIM;0;51;124;4;1405;1910;550;130560
1713;1;microSIM;1;20;104;7;237;890;971;16598
1688;0;nanoSIM;1;21;170;7;650;864;3984;1161324
1413;1;microSIM;1;45;104;5;1949;1994;2973;1278706
559;0;miniSIM;0;11;82;5;541;823;2019;251298
1483;1;miniSIM;0;19;146;7;361;1552;1587;258711
860;1;miniSIM;0;48;187;7;335;1463;1870;486607
1090;1;microSIM;0;27;91;4;1638;1910;1352;444090
686;0;miniSIM;0;3;91;6;1109;1392;570;170689
818;0;SIM;0;43;177;6;111;510;546;19130
1456;1;microSIM;0;49;193;3;1285;1427;3624;1085263
774;1;nanoSIM;1;10;188;2;1480;1731;2944;883365
1068;1;nanoSIM;1;19;197;8;322;875;1209;38933
1373;1;nanoSIM;1;29;141;6;1220;1348;2752;1028679
1777;0;nanoSIM;0;20;188;6;511;616;3868;1346113
594;0;nanoSIM;1;28;132;5;1011;1263;3087;656575
1524;1;microSIM;0;57;124;2;629;635;947;160917
511;1;miniSIM;0;50;175;3;140;622;1484;172975
1402;1;nanoSIM;0;46;87;7;1081;1767;347;239990
965;0;SIM;0;53;131;8;297;653;3227;631810
1270;0;nanoSIM;0;58;104;5;1512;1716;3299;1127029
919;1;miniSIM;0;13;159;1;275;570;1028;218230
1963;0;SIM;1;34;157;2;1136;1813;714;568446
1977;1;nanoSIM;0;31;173;8;1145;1356;2641;1309993
1881;0;microSIM;0;51;158;5;477;1553;1229;546340
683;0;microSIM;0;19;173;4;954;1985;2622;976754
772;1;microSIM;0;6;100;2;741;1471;929;104696
536;0;nanoSIM;1;53;135;3;547;705;1211;176618
1694;0;nanoSIM;0;53;186;6;1194;1208;1653;742337
1633;1;nanoSIM;1;33;111;2;146;906;511;19387
1371;0;microSIM;0;52;167;4;471;663;3034;702329
551;0;nanoSIM;1;54;172;7;169;1916;1414;88617
1221;0;nanoSIM;1;28;139;1;1895;1976;2438;1342527
1000;0;miniSIM;0;63;179;8;1537;1761;3744;1183942
1986;1;nanoSIM;1;64;162;4;236;1520;1377;563589
1119;1;nanoSIM;1;23;164;4;821;915;3520;1278587
1699;1;nanoSIM;0;59;97;4;466;1768;3796;1116053
1099;0;miniSIM;1;61;146;3;393;1096;1699;442372
1576;0;microSIM;0;58;90;3;400;631;336;101563
950;0;miniSIM;0;55;156;5;774;843;1095;51509
1081;1;miniSIM;0;49;99;3;284;519;325;19065
606;0;nanoSIM;1;53;146;4;465;1152;1223;88421
502;1;microSIM;0;37;199;2;705;1810;1649;595590
957;0;nanoSIM;1;4;160;2;38;1682;1898;492526
1658;1;nanoSIM;1;38;159;5;51;739;2609;601734
1681;1;microSIM;0;18;167;1;850;1005;2265;649894
1983;1;nanoSIM;0;43;87;6;349;676;2775;916199
1753;0;microSIM;1;12;113;7;387;1595;1445;545723
1632;0;nanoSIM;0;41;132;4;706;1623;2614;960425
1949;0;microSIM;0;57;145;7;951;1178;356;178639
1696;0;nanoSIM;0;13;97;3;179;772;523;59508
688;1;nanoSIM;0;57;131;7;426;1964;3745;1339450
1104;0;nanoSIM;1;60;199;2;653;1413;1229;167221
1122;0;nanoSIM;0;28;184;3;1578;1963;1402;408051
504;1;nanoSIM;1;46;172;5;280;1795;2085;361833
1154;0;miniSIM;1;14;156;7;251;1801;587;226981
1727;0;nanoSIM;1;63;85;7;1463;1992;2457;1244051
1674;1;nanoSIM;1;52;89;3;1432;1649;2030;926966
1948;1;microSIM;1;18;135;2;477;571;816;82962
1218;1;nanoSIM;0;39;150;7;1122;1746;1667;553474
531;0;miniSIM;0;63;189;7;145;1903;2958;755099
1057;0;microSIM;0;5;154;5;416;1055;3705;1253677
576;0;nanoSIM;0;30;162;8;847;893;2800;940121
1960;0;nanoSIM;0;7;165;7;868;877;3773;1044882
673;1;nanoSIM;1;22;88;1;594;1088;2050;260463
718;1;nanoSIM;1;21;88;1;518;830;1754;588208
864;0;nanoSIM;1;35;103;3;663;1805;1904;574518
547;1;nanoSIM;0;37;154;5;371;541;2705;312769
623;0;nanoSIM;1;3;102;8;1749;1781;3537;1093268
1793;1;miniSIM;0;27;154;5;586;722;1370;550920
1720;1;nanoSIM;0;19;137;2;409;646;1222;410189
812;1;nanoSIM;0;64;106;4;35;1309;3102;732484
980;0;nanoSIM;1;33;160;6;1008;1758;2268;734365
643;0;miniSIM;1;18;187;8;442;1079;2648;420421
1925;1;nanoSIM;1;16;175;8;983;1087;2173;612937
1408;0;nanoSIM;0;32;151;4;875;982;3162;1228412
1522;1;microSIM;0;28;124;1;952;1191;1368;333105
587;0;SIM;1;51;111;1;244;1361;2746;733619
1959;1;microSIM;0;18;191;6;65;1055;619;125893
1872;1;nanoSIM;0;17;89;6;1749;1767;724;396785
1043;0;microSIM;0;42;111;3;716;1626;912;26891
1809;0;microSIM;0;23;123;6;433;1661;2784;1178365
1703;0;microSIM;1;23;92;6;134;521;793;96438
1095;0;microSIM;0;45;197;1;179;1247;560;95355
1414;0;nanoSIM;0;27;137;4;804;1564;312;127578
1659;0;nanoSIM;0;41;88;7;787;1515;545;106082
1540;1;nanoSIM;0;60;197;7;704;822;1591;261850
1342;0;nanoSIM;1;31;86;7;991;1638;2746;1142698
1189;0;miniSIM;0;8;198;3;379;932;893;232214
518;0;nanoSIM;1;62;128;6;489;710;2514;442225
1449;1;nanoSIM;1;10;144;1;1518;1883;1032;492756
516;1;nanoSIM;1;39;91;5;855;1401;819;140617
1569;1;microSIM;0;59;111;3;1261;1383;3672;1287121
1312;1;nanoSIM;0;24;156;6;115;1791;3833;1119577
1893;1;nanoSIM;0;23;179;8;1203;1432;1482;869201
1076;0;nanoSIM;0;14;105;5;545;1300;2043;568320
530;0;nanoSIM;0;40;118;6;818;1090;1229;141445
1044;1;microSIM;0;33;129;4;42;1262;1816;340197
1330;0;miniSIM;0;37;126;7;1103;1637;2166;617316
1836;1;nanoSIM;0;14;104;5;168;1068;2469;812272
1741;0;nanoSIM;1;55;140;5;719;755;2575;650863
1869;0;nanoSIM;1;30;152;1;163;874;1375;363686
1331;0;microSIM;0;55;146;3;1162;1531;1732;543033
1655;1;microSIM;1;4;105;3;626;1348;673;9922
605;0;miniSIM;1;18;162;2;329;656;2301;298564
1245;0;nanoSIM;0;30;105;5;330;1434;2676;684470
1709;0;microSIM;1;58;136;2;956;1292;1781;847448
846;0;nanoSIM;1;58;123;4;1140;1983;2248;684275
1403;1;nanoSIM;0;62;90;4;217;1623;921;11548
688;0;nanoSIM;0;2;89;3;271;869;391;194291
775;1;nanoSIM;1;10;185;7;444;1555;1719;493289
1154;0;microSIM;1;35;159;5;1003;1827;3262;1129314
1375;1;nanoSIM;1;35;194;2;227;772;1947;380700
1827;0;microSIM;0;61;130;7;253;1764;2693;1123802
1697;0;nanoSIM;1;60;90;4;88;1046;441;123261
741;0;nanoSIM;0;14;178;5;334;594;1886;107618
1672;1;miniSIM;1;32;174;1;1281;1896;1267;360217
514;0;microSIM;0;57;186;3;168;1320;687;11604
1375;1;nanoSIM;0;12;105;1;898;1687;2890;1246834
989;1;microSIM;1;55;124;1;46;1069;1737;545217
1510;1;miniSIM;0;47;138;2;118;1170;887;46591
1266;0;nanoSIM;0;18;86;7;1187;1595;398;66671
1396;1;nanoSIM;0;46;138;7;1191;1347;2389;910231
808;0;nanoSIM;0;45;161;1;526;1324;3431;1164262
1542;0;nanoSIM;0;43;182;2;346;966;3601;1207459
745;1;microSIM;0;35;102;8;89;1538;2459;456239
1735;1;nanoSIM;1;59;148;6;137;846;3230;1131105
586;1;nanoSIM;0;57;188;2;1226;1389;3646;1123645
1341;1;nanoSIM;0;36;107;8;473;574;2200;333116
781;1;nanoSIM;0;64;88;2;368;607;3862;1320393
501;1;SIM;0;22;174;6;239;1636;3077;663621
1224;1;nanoSIM;1;44;139;2;622;709;621;126873
1970;1;miniSIM;1;58;80;8;654;882;2372;649651
618;1;nanoSIM;1;63;138;2;853;1781;2574;760637
1537;0;miniSIM;1;46;158;4;686;1305;2857;1182452
1018;0;microSIM;0;16;153;8;992;1433;3143;1182027
1545;1;SIM;1;35;173;5;115;1352;3197;1309153
1871;0;microSIM;1;41;144;8;275;1966;2727;1228551
1729;1;nanoSIM;0;12;186;1;461;1178;1519;295825
680;1;miniSIM;1;9;131;3;1428;1500;2438;810964
1106;0;microSIM;0;54;107;3;614;1212;2674;867674
635;1;nanoSIM;1;50;97;5;193;989;2107;521698
618;0;microSIM;0;16;143;1;1105;1602;2262;883655
1671;1;miniSIM;0;5;179;8;398;1263;815;28126
1562;1;nanoSIM;1;52;105;7;480;728;2829;762617
1975;1;nanoSIM;0;31;151;1;775;1607;3022;1270353
831;0;nanoSIM;1;62;134;8;1482;1490;2573;937640
1524;1;nanoSIM;0;10;174;4;154;550;2678;649791
1528;1;nanoSIM;1;55;129;5;454;1762;1282;446602
1447;1;nanoSIM;0;9;155;8;737;1455;568;199235
1344;0;nanoSIM;0;14;190;1;419;556;2074;338232
564;1;nanoSIM;0;8;130;2;853;1737;2227;385764
921;1;nanoSIM;0;60;83;2;1211;1229;1080;61318
1413;0;nanoSIM;0;10;200;6;314;1606;2867;734035
831;0;miniSIM;0;55;86;6;172;1239;1075;127129
802;1;nanoSIM;0;43;153;5;527;734;3063;849590
1923;0;nanoSIM;0;24;86;4;874;1264;2479;956365
1193;0;miniSIM;0;56;196;3;674;864;2394;815552
904;1;miniSIM;1;31;112;3;657;1014;2814;606208
1285;0;nanoSIM;1;51;140;7;475;500;2094;506284
1635;1;nanoSIM;1;2;182;4;1209;1411;2315;954992
1923;1;microSIM;1;14;154;4;15;525;2519;927859
1851;1;nanoSIM;1;12;198;6;293;1967;735;28138
727;0;nanoSIM;1;32;131;7;813;1377;1891;322164
1396;1;nanoSIM;1;44;118;6;173;1843;1386;416165
877;1;miniSIM;1;46;135;1;457;652;3260;963857
696;0;miniSIM;1;35;103;3;533;797;2022;299037
1009;1;nanoSIM;0;2;102;8;912;1043;1716;533929
1526;1;nanoSIM;1;38;116;5;798;1418;3317;1247939
987;1;nanoSIM;0;20;192;7;412;565;1454;218087
1414;1;nanoSIM;1;49;101;4;130;887;2290;405258
1732;0;nanoSIM;0;61;172;5;201;656;3940;1266105
1587;0;nanoSIM;0;50;148;8;299;874;461;25951
1097;0;miniSIM;1;21;160;7;1277;1352;2219;904922
504;1;nanoSIM;0;40;178;3;626;1195;470;131453
1159;0;miniSIM;1;28;80;8;378;751;2495;628969
1910;0;nanoSIM;0;29;146;7;333;639;2944;813046
865;1;microSIM;0;59;159;3;805;1804;2361;866853
1930;0;miniSIM;0;16;186;8;1901;1920;1783;756046
860;1;microSIM;1;40;170;3;1573;1581;2832;872863
1268;0;miniSIM;1;42;182;6;360;912;931;165557
999;1;nanoSIM;1;27;167;4;20;745;1344;35776
622;0;nanoSIM;1;9;127;2;98;511;3916;724084
1250;0;microSIM;0;44;182;7;703;1011;1882;396939
763;0;miniSIM;1;51;104;5;273;1278;2865;844426
1100;0;miniSIM;0;15;112;8;919;1344;757;54476
815;1;microSIM;0;51;85;6;982;1291;3469;1187391
618;1;nanoSIM;1;57;88;3;879;896;2399;555403
553;1;nanoSIM;1;18;136;2;1287;1892;3300;1046900
673;1;nanoSIM;0;3;84;2;1109;1247;2719;763544
563;1;nanoSIM;0;47;115;7;211;684;3012;749329
1590;1;miniSIM;1;14;187;4;1058;1109;2836;1265120
1031;1;nanoSIM;1;11;121;2;532;1247;2385;917020
909;1;miniSIM;0;30;97;3;290;773;594;229527
1880;0;nanoSIM;1;7;104;4;890;1019;2968;1221656
1479;1;nanoSIM;1;24;146;6;327;645;3762;1288261
1271;1;nanoSIM;0;2;161;1;1260;1788;892;558090
709;0;miniSIM;1;13;81;8;570;1422;467;232933
1744;0;nanoSIM;1;62;158;1;621;1558;345;217432
1314;0;nanoSIM;1;40;116;7;328;1858;3033;1130165
1136;0;nanoSIM;1;9;150;6;1307;1767;2110;625846
1039;0;miniSIM;0;56;125;8;497;618;3105;864011
1300;0;microSIM;0;62;156;6;219;1037;874;84816
732;1;microSIM;1;39;188;7;1163;1554;3681;1265674
511;1;nanoSIM;1;52;180;2;24;759;3865;824217
1092;1;miniSIM;0;11;167;3;468;571;737;128493
921;1;miniSIM;1;10;170;7;1272;1469;3153;1255438
1030;0;microSIM;1;37;147;1;503;551;2800;790555
1130;1;nanoSIM;0;27;101;1;1495;1579;315;197733
1299;1;nanoSIM;0;60;187;8;1333;1838;1412;586702
1009;1;microSIM;1;2;115;7;267;1841;2286;638032
1735;1;SIM;0;34;140;2;149;876;2392;819527
1129;1;nanoSIM;0;49;185;2;1070;1079;1857;557685
708;0;nanoSIM;0;26;116;7;206;620;1419;148223
894;0;nanoSIM;1;58;123;2;158;747;3305;979650
530;0;nanoSIM;0;32;88;6;48;1012;959;152950
1481;1;nanoSIM;0;35;105;3;249;522;2635;687300
1068;1;nanoSIM;1;45;194;5;935;1499;1754;406771
1487;0;microSIM;1;57;84;3;140;768;2563;887654
1524;1;miniSIM;1;41;96;4;184;740;1936;317923
1093;1;nanoSIM;1;22;196;8;238;807;1869;314675
1816;1;nanoSIM;0;50;186;5;800;1089;3637;1079350
627;0;nanoSIM;0;20;142;3;211;507;896;226024
989;0;miniSIM;1;51;132;3;670;804;2349;352216
1895;0;nanoSIM;1;5;134;1;725;1335;774;254976
805;1;nanoSIM;1;58;168;3;81;1544;3397;773956
713;0;microSIM;1;2;181;8;1211;1378;485;130591
864;0;miniSIM;1;24;148;4;1362;1378;3964;1243301
1177;0;nanoSIM;0;11;181;4;945;1923;1887;258908
582;0;microSIM;0;32;107;3;1043;1702;2977;744649
1898;1;nanoSIM;1;56;185;7;444;739;2114;801224
1158;1;nanoSIM;1;29;123;2;311;1796;1542;598327
1451;0;microSIM;1;57;181;8;812;1456;3038;1269776
1820;0;microSIM;0;51;163;7;202;1884;2481;806008
984;1;nanoSIM;1;9;140;3;531;707;841;225691
580;1;nanoSIM;0;24;135;4;404;898;3565;937322
1263;0;nanoSIM;0;5;146;6;954;1609;1958;918689
1237;0;nanoSIM;0;27;87;8;274;603;2454;662901
514;0;microSIM;1;37;172;1;956;1723;3392;1116946
1515;0;nanoSIM;1;56;184;3;1438;1593;262;41045
721;1;microSIM;1;6;194;4;1446;1988;530;181638
603;1;nanoSIM;0;35;126;3;692;1057;3703;1040177
1426;0;nanoSIM;1;55;109;1;777;1032;2562;639419
1820;1;nanoSIM;1;64;161;1;1157;1951;574;430867
1215;0;microSIM;0;16;130;4;454;1473;2632;627267
697;1;microSIM;1;20;173;2;478;1477;259;90690
717;1;microSIM;0;10;198;1;217;1106;688;117002
1348;1;microSIM;0;36;145;6;468;741;2554;613600
1164;1;nanoSIM;0;61;88;1;1107;1656;3859;1123715
578;0;miniSIM;1;62;170;5;626;1134;2977;939485
1971;1;nanoSIM;0;40;186;7;485;922;571;153862
1794;1;microSIM;1;55;86;7;43;627;402;78978
1558;0;nanoSIM;1;32;114;5;322;1385;878;66828
1597;0;microSIM;1;4;85;1;880;1145;2130;927907
1240;0;nanoSIM;0;39;146;2;1511;1756;3260;1224793
1994;1;nanoSIM;1;7;88;8;667;711;454;133113
1221;0;microSIM;1;35;152;7;765;1899;2638;660100
989;1;miniSIM;1;24;156;8;614;679;2819;880775
1180;0;microSIM;1;50;144;4;925;1252;1464;340478
718;0;miniSIM;0;59;113;6;1185;1387;1824;524320
1670;1;nanoSIM;0;47;139;8;1706;1886;876;567806
534;0;nanoSIM;1;21;164;7;347;1477;2706;776223
1566;1;nanoSIM;0;20;126;2;1603;1930;659;513630
1935;0;nanoSIM;1;29;124;5;806;860;455;232931
504;1;nanoSIM;0;54;163;2;1207;1539;2378;745572
913;1;nanoSIM;1;41;103;1;431;1144;2278;384100
1317;1;nanoSIM;0;43;113;5;179;613;3436;1047122
917;0;nanoSIM;1;31;88;6;423;909;3424;1120016
712;1;nanoSIM;0;49;99;6;1131;1743;401;135916
1083;0;microSIM;0;52;126;2;925;1469;681;113617
1039;0;microSIM;1;6;136;6;62;544;3212;817033
1747;0;microSIM;0;13;185;6;800;873;3105;1325122
1449;1;nanoSIM;0;52;105;6;211;947;2036;420788
1872;1;SIM;0;49;139;7;81;1389;3153;1006830
1796;1;microSIM;0;7;101;4;667;798;1642;387289
1097;0;nanoSIM;0;60;181;1;405;519;509;88337
1562;1;nanoSIM;1;20;172;8;678;1676;3465;1048857
1433;0;microSIM;1;27;153;7;1619;1651;3900;1116867
740;0;nanoSIM;0;12;123;1;935;1147;1105;114866
676;0;nanoSIM;1;39;84;1;864;1011;2064;399641
503;1;nanoSIM;1;13;131;1;1495;1688;3117;1032654
1020;0;miniSIM;1;7;96;3;870;1613;1142;331067
896;1;nanoSIM;1;4;111;1;1379;1469;1060;250996
1824;0;microSIM;1;19;143;2;1055;1738;2381;750967
1512;1;nanoSIM;1;54;134;3;220;1838;3366;1148506
1053;0;microSIM;0;42;126;6;419;1261;1339;6723
1944;1;nanoSIM;1;31;87;4;1111;1362;2560;1159389
1174;1;nanoSIM;1;25;91;2;1097;1461;285;111881
627;1;nanoSIM;1;12;131;7;447;819;2476;590978
1602;0;microSIM;1;46;118;1;273;1062;1862;431654
1733;1;microSIM;1;6;170;1;590;997;3488;1041149
586;1;miniSIM;1;8;142;8;116;598;3178;625817
1528;0;nanoSIM;0;37;156;8;306;564;733;30288
875;0;nanoSIM;0;23;110;7;300;1316;756;104489
1602;0;miniSIM;0;58;170;1;1259;1746;3622;1000221
1426;0;microSIM;1;12;174;5;1573;1694;1277;373401
1370;0;microSIM;1;6;158;6;1392;1783;3703;1035521
609;0;microSIM;1;10;81;6;113;1524;1905;272651
840;1;microSIM;1;15;178;6;526;1728;2636;814957
991;0;nanoSIM;1;12;158;5;1209;1678;2014;923237
1724;0;nanoSIM;1;9;100;2;655;828;3056;1167213
584;0;nanoSIM;1;19;168;3;1123;1622;465;68024
860;1;nanoSIM;1;49;141;6;692;979;3869;1139735
1541;1;miniSIM;1;28;165;5;796;1052;1108;536142
615;1;microSIM;0;58;130;5;1021;1958;1906;462198
912;1;microSIM;1;46;84;4;995;1310;851;111527
1278;0;miniSIM;1;60;172;7;1244;1504;3142;1190366
1365;0;nanoSIM;1;31;125;4;293;970;1300;113043
1702;0;microSIM;0;36;177;5;1240;1931;1430;601060
589;0;nanoSIM;1;59;146;8;759;1858;362;23728
1347;1;miniSIM;0;56;95;1;398;1528;2456;674241
1644;0;nanoSIM;1;44;137;8;358;791;2360;870992
956;1;nanoSIM;0;42;133;7;403;1614;3700;1269441
1089;1;miniSIM;0;2;153;7;211;1409;2620;919748
871;0;nanoSIM;0;52;178;3;194;1437;437;98281
664;0;microSIM;1;6;164;2;1076;1472;3774;1083466
1874;0;nanoSIM;0;19;192;2;1238;1418;1218;267603
1928;0;microSIM;0;5;162;5;229;1004;696;154190
888;1;nanoSIM;1;33;198;2;327;1683;3407;1322132
1077;1;nanoSIM;0;58;86;7;135;1892;3902;1313252
1023;1;microSIM;1;30;80;8;5;1744;2086;446656
1426;0;nanoSIM;1;42;84;3;715;1163;1356;506306
831;1;microSIM;1;26;177;5;511;621;1704;127371
1496;1;nanoSIM;1;6;85;3;549;1383;3571;1100028
1433;0;nanoSIM;1;5;129;5;420;784;2132;547085
1095;1;nanoSIM;1;44;103;4;838;1066;3209;1171309
643;1;nanoSIM;1;23;156;1;314;1400;2096;303072
1142;0;nanoSIM;1;6;198;4;739;1766;1273;503137
730;1;nanoSIM;1;27;112;5;62;846;3623;884462
1901;0;microSIM;1;41;131;2;3;1662;368;107262
1510;1;nanoSIM;0;32;135;3;963;1520;854;330099
1924;0;nanoSIM;1;59;136;6;1438;1923;3646;1056040
1825;1;miniSIM;1;17;157;4;1621;1773;3130;1167644
1275;1;nanoSIM;1;5;152;1;19;501;3784;1180662
987;0;miniSIM;0;17;124;7;887;1274;3885;1087494
1538;0;microSIM;1;13;121;7;567;986;1494;378096
1965;0;microSIM;1;29;149;5;584;676;2973;1039610
808;0;microSIM;0;20;185;6;496;974;1471;236770
712;0;microSIM;0;27;86;2;1245;1309;2001;292663
1507;1;nanoSIM;1;42;123;5;682;888;1486;480526
912;0;nanoSIM;0;47;182;3;724;794;1321;162360
769;0;nanoSIM;0;17;95;8;1384;1454;1877;481229
948;0;SIM;0;22;173;5;257;1654;3499;1071093
507;1;nanoSIM;1;39;142;1;17;1084;2124;403637
1384;1;SIM;0;60;82;3;983;1210;1221;518792
1766;0;nanoSIM;0;29;194;8;439;1306;2316;747765
1407;1;microSIM;1;16;170;4;925;1206;1068;391664
614;1;nanoSIM;1;24;94;4;409;603;1930;571895
1972;0;miniSIM;0;14;196;7;293;952;1316;495794
1039;1;microSIM;0;47;130;8;384;1878;1742;554264
511;1;microSIM;1;34;125;8;149;1285;3265;665066
1811;0;microSIM;1;5;98;4;447;568;2700;781720
1159;0;nanoSIM;0;36;104;4;717;1206;2115;613345
1848;1;microSIM;0;12;178;2;195;533;3915;1150574
1988;0;nanoSIM;1;16;94;8;153;696;3144;1286050
1469;0;nanoSIM;1;58;150;7;1699;1850;1571;639944
1423;0;miniSIM;0;44;131;5;501;640;2253;571328
1974;1;miniSIM;0;10;145;6;530;1496;1433;379055
835;1;nanoSIM;1;42;128;5;396;1378;2583;770235
1429;0;microSIM;0;42;151;5;670;1552;1817;411116
947;0;nanoSIM;1;51;144;2;193;887;2915;725729
1446;1;nanoSIM;1;18;178;8;351;1769;3340;1086064
1332;1;microSIM;1;7;168;7;846;855;2790;763536
1498;1;nanoSIM;1;14;191;4;111;1167;577;194958
1576;1;nanoSIM;1;14;173;2;1213;1386;3220;1133618
1398;1;microSIM;1;26;150;1;755;1284;3488;1249433
1885;1;miniSIM;1;14;92;4;1406;1517;1277;457872
798;1;microSIM;0;2;148;2;497;627;3593;672389
1436;1;nanoSIM;1;42;124;8;1826;1836;2736;1015759
1998;0;microSIM;0;31;196;8;50;1356;2311;776175
1321;0;nanoSIM;1;63;109;8;817;941;1464;453091
1021;0;microSIM;0;9;192;2;901;1793;1355;387769
1339;1;nanoSIM;0;40;123;2;212;1269;2382;778038
1210;1;miniSIM;0;57;111;4;329;1039;1886;314597
1949;1;nanoSIM;1;31;145;5;837;1182;832;332322
882;1;miniSIM;1;28;151;6;248;884;751;231896
1549;1;nanoSIM;1;27;113;5;632;1162;436;142287
1991;1;nanoSIM;1;42;82;1;366;613;722;43856
796;0;nanoSIM;0;12;114;1;174;518;1075;149884
1012;1;microSIM;0;39;161;4;882;1195;2802;661746
1318;1;nanoSIM;1;11;188;2;688;1591;1780;390516
1708;0;microSIM;1;14;197;4;263;1345;1247;341630
598;1;microSIM;1;62;117;8;118;764;3066;981337
541;0;microSIM;0;51;200;8;1012;1226;403;121600
818;1;nanoSIM;1;23;192;5;586;1552;2518;874501
1414;0;nanoSIM;1;15;168;2;294;1233;1069;213932
601;1;nanoSIM;1;6;169;4;818;1827;2651;917996
561;1;nanoSIM;1;40;99;7;426;865;2974;977046
1616;1;nanoSIM;0;52;100;5;151;1133;657;184142
1263;1;nanoSIM;1;32;103;2;409;644;3372;1310130
1604;1;nanoSIM;1;63;93;5;641;1156;1464;449031
539;1;nanoSIM;0;24;86;4;958;967;1326;23606
1071;0;nanoSIM;0;49;199;4;1328;1970;3393;1086258
826;1;nanoSIM;1;57;135;2;354;530;323;89511
771;0;nanoSIM;0;62;106;1;1709;1781;1628;375514
1811;0;nanoSIM;0;33;132;8;1099;1553;2610;1101983
1842;1;microSIM;0;56;179;4;783;1227;3721;1199011
1420;1;nanoSIM;0;50;100;8;194;1393;763;57548
1763;1;miniSIM;0;10;184;3;238;1893;792;5100
1163;0;microSIM;0;2;133;5;919;1076;1568;345324
1805;0;nanoSIM;0;29;182;4;758;891;1276;518144
610;1;miniSIM;0;52;90;4;1039;1273;3472;1101899
1533;1;SIM;1;17;160;4;1054;1393;2520;880075
1924;0;nanoSIM;1;63;111;2;122;686;3423;1282692
1801;1;microSIM;0;52;120;6;100;1708;258;151356
1726;0;nanoSIM;1;42;106;5;1221;1804;1868;840669
794;1;SIM;0;14;197;3;312;1376;2171;508976
1686;1;microSIM;0;28;182;5;599;1073;780;165882
1444;1;nanoSIM;0;6;103;1;1274;1340;712;141597
1004;1;nanoSIM;1;30;160;8;62;581;1012;47739
1242;0;microSIM;0;28;166;4;315;1796;318;164926
539;0;microSIM;1;26;137;6;1123;1709;3948;1334309
717;1;nanoSIM;1;14;99;8;1878;1981;629;25591
1540;1;nanoSIM;1;29;157;7;318;831;1161;7237
672;0;microSIM;1;35;99;8;574;1267;1403;113429
1325;0;nanoSIM;1;13;133;4;1353;1915;3707;1129720
950;0;microSIM;1;55;124;8;86;1681;1305;207553
948;1;microSIM;0;18;119;4;340;1728;2926;744500
1328;0;microSIM;1;27;144;3;602;1156;2674;879798
1447;0;nanoSIM;0;40;184;2;963;1062;471;129943
1973;1;nanoSIM;0;21;95;8;127;507;1724;572694
1731;1;SIM;0;60;171;4;142;1039;1220;378124
1617;0;nanoSIM;1;63;111;2;274;1079;2754;985892
1791;1;nanoSIM;1;33;110;5;371;682;594;45442
851;1;microSIM;1;54;101;2;788;1007;1005;79211
856;1;nanoSIM;1;14;115;1;395;1027;2439;382797
714;0;nanoSIM;0;30;145;4;643;1527;2302;494251
951;0;microSIM;1;15;81;2;854;935;1083;97766
1303;0;microSIM;1;10;109;8;1335;1873;2219;663574
1550;0;nanoSIM;0;32;126;7;1541;1619;1571;921332
1759;0;miniSIM;1;15;101;4;382;1163;2107;713622
1448;1;SIM;0;2;100;5;846;1144;593;190001
1987;0;nanoSIM;0;50;119;8;960;1925;857;509148
908;0;nanoSIM;0;44;95;5;154;941;3518;1157576
820;1;nanoSIM;0;58;160;4;468;694;1284;14587
904;1;microSIM;0;19;147;6;1094;1496;545;192233
667;1;microSIM;1;6;149;6;272;870;3566;851293
1109;0;nanoSIM;0;34;173;1;165;1103;2821;672371
1333;0;nanoSIM;1;59;183;7;394;1301;3442;1235902
1352;0;microSIM;1;6;92;6;629;1299;1309;425264
1600;1;nanoSIM;0;19;88;6;831;1713;1179;444223
1454;1;microSIM;0;37;80;8;903;910;1713;407888
1489;1;nanoSIM;0;9;169;3;923;1759;1663;410799
1823;1;miniSIM;0;10;81;8;362;1250;1812;953752
1581;0;miniSIM;0;41;172;4;693;850;1384;386843
1672;1;nanoSIM;1;44;172;8;1250;1435;1348;516998
1283;1;nanoSIM;1;27;80;4;1135;1923;3957;1301038
630;0;miniSIM;1;14;180;8;66;1448;1212;79815
659;0;nanoSIM;1;24;151;8;924;1877;3925;1314885
1811;1;nanoSIM;0;32;115;6;204;1132;348;77843
688;0;miniSIM;0;40;109;5;376;1957;1382;340781
514;1;microSIM;0;18;141;2;1083;1492;980;84775
1933;1;nanoSIM;0;16;154;3;229;1473;838;233411
915;0;microSIM;1;31;91;3;875;1316;378;193162
1006;1;microSIM;1;22;135;4;35;991;909;66294
1134;0;nanoSIM;1;13;92;4;18;903;3632;1300121
599;0;nanoSIM;1;64;186;8;103;646;3396;631003
973;1;microSIM;0;53;196;5;105;588;1861;477396
1180;0;nanoSIM;1;27;90;6;168;540;348;34003
1237;0;microSIM;0;13;98;4;18;1004;2528;669297
659;1;microSIM;1;5;169;8;659;730;2190;262869
1142;1;microSIM;0;6;190;8;534;855;663;64015
1002;1;SIM;1;11;185;6;285;512;961;121771
1392;0;nanoSIM;1;44;113;4;482;1098;1280;388597
602;0;miniSIM;0;50;141;8;1571;1717;2189;971338
1249;0;nanoSIM;1;55;140;3;605;1193;531;3417
531;1;nanoSIM;1;12;121;4;158;1657;2331;526632
1450;0;nanoSIM;0;31;114;5;1573;1639;794;311360
1342;0;nanoSIM;0;50;173;1;127;620;2644;919655
832;0;microSIM;1;22;198;1;343;1431;1666;395829
867;0;nanoSIM;1;57;159;4;289;724;2157;286414
1404;0;SIM;0;44;151;1;1703;1880;1196;462222
840;1;microSIM;0;33;150;6;1482;1591;2072;991806
1368;0;miniSIM;1;42;91;1;907;925;1590;497219
1927;1;nanoSIM;0;11;190;8;491;1506;2916;1137167
1714;1;microSIM;0;31;120;2;287;627;3707;1119907
1201;0;nanoSIM;1;10;198;6;1151;1723;726;189360
1796;0;microSIM;0;44;184;2;1024;1363;3577;1336626
1147;1;miniSIM;0;28;158;6;1085;1134;2627;600987
776;0;nanoSIM;1;20;146;4;991;1803;685;121611
510;0;nanoSIM;0;33;110;6;1052;1897;1693;312297
1045;1;nanoSIM;1;40;175;6;1078;1564;2137;654021
1497;1;microSIM;1;10;153;8;98;977;3696;1189793
1425;0;nanoSIM;1;33;89;3;396;1648;3771;1103178
726;0;nanoSIM;1;40;94;4;323;978;1342;129705
1576;0;nanoSIM;1;20;148;3;410;1551;1379;386623
714;1;microSIM;1;11;197;3;1750;1857;1164;429892
1595;1;nanoSIM;0;63;88;1;1475;1988;908;498411
541;0;nanoSIM;1;10;127;4;1836;1873;1019;442174
1617;0;SIM;0;29;113;6;283;676;3685;1190417
1154;1;nanoSIM;1;5;98;1;539;1240;1470;570043
1638;0;microSIM;0;2;189;1;440;563;2299;846123
1150;0;nanoSIM;0;39;151;8;397;800;999;244959
1254;0;nanoSIM;1;44;149;1;204;1021;3011;963547
1806;1;nanoSIM;1;54;117;1;347;727;3142;1004028
603;0;microSIM;0;12;114;6;1003;1284;1543;553545
1834;0;microSIM;1;40;99;4;0;1987;3692;1057919
520;0;nanoSIM;1;31;145;6;264;519;2753;578103
565;1;nanoSIM;0;50;158;2;543;703;2156;479059
1689;0;miniSIM;0;9;150;5;467;675;2637;869334
742;0;nanoSIM;0;21;104;8;875;925;331;156685
1143;1;nanoSIM;1;22;125;3;1116;1724;1214;413685
761;0;miniSIM;0;3;196;7;1325;1945;2248;846728
959;1;nanoSIM;0;36;196;5;1313;1331;3073;1256909
772;1;microSIM;1;8;134;7;552;1802;422;196487
1015;0;microSIM;0;12;102;3;335;679;2293;273058
1824;1;miniSIM;1;2;103;1;50;1105;3958;1038515
1130;1;nanoSIM;1;29;130;1;593;1327;432;61493
1183;1;nanoSIM;1;48;120;8;268;1010;1152;145809
574;1;nanoSIM;1;26;118;6;382;1364;1303;150812
1472;0;microSIM;1;20;169;2;443;892;797;215286
1868;0;nanoSIM;1;40;179;8;576;884;298;87414
1375;0;nanoSIM;0;20;147;6;596;679;3847;1135175
881;0;nanoSIM;0;64;160;3;115;636;2110;372997
1742;1;microSIM;1;43;176;3;356;1407;1921;964617
1225;1;microSIM;0;60;107;2;10;1567;2423;925666
1970;1;nanoSIM;1;15;132;2;1399;1684;1658;731592
1186;1;nanoSIM;0;21;160;8;68;584;2361;537400
1762;0;microSIM;0;60;157;4;643;790;1380;442999
1731;1;microSIM;1;4;163;6;809;1988;3892;1083840
852;1;microSIM;1;8;160;5;683;1349;315;215275
848;1;microSIM;1;36;151;4;56;527;2289;344674
1575;1;nanoSIM;1;11;185;7;492;818;2182;691141
1554;1;microSIM;0;23;105;6;699;1492;2184;946853
1972;0;nanoSIM;0;48;92;8;290;804;2872;1220631
827;1;miniSIM;1;35;87;6;23;826;2367;553727
1063;0;microSIM;0;3;155;4;394;849;1919;307504
1695;1;nanoSIM;0;34;84;5;713;1742;3296;1053788
1343;1;microSIM;1;14;81;8;1063;1205;462;182370
834;0;nanoSIM;1;27;123;1;1421;1463;1591;319217
595;0;nanoSIM;1;20;122;2;623;816;1593;18705
1081;1;miniSIM;1;42;101;7;83;816;2456;312129
911;1;nanoSIM;0;14;199;4;1563;1692;2933;1326408
844;1;nanoSIM;1;22;197;7;777;1995;3154;1024706
1335;0;nanoSIM;0;60;180;2;83;559;3615;1039591
1883;0;miniSIM;0;24;87;1;203;915;3563;1158582
1128;1;microSIM;0;33;147;8;938;1226;1440;260943
826;1;SIM;1;57;117;2;1077;1183;1907;306372
1650;0;nanoSIM;1;38;89;1;773;881;324;40302
1162;0;nanoSIM;0;50;104;4;332;866;1404;302933
1517;0;nanoSIM;1;8;169;4;570;1645;2738;918385
963;0;nanoSIM;1;60;156;3;742;821;2722;646051
1837;1;microSIM;1;12;103;8;1420;1539;2294;1251225
1028;0;nanoSIM;1;30;193;1;1801;1923;1424;578428
1831;1;microSIM;0;55;189;8;1693;1790;1133;404101
571;1;microSIM;1;58;101;6;31;1536;555;229410
1770;0;nanoSIM;0;9;183;6;1098;1373;3785;1234093
970;1;microSIM;0;59;84;7;1765;1786;3675;1259254
642;0;nanoSIM;1;38;86;5;887;1775;435;171121
622;1;miniSIM;0;11;193;8;760;1964;3183;779327
600;0;miniSIM;1;6;199;2;486;1032;3495;948527
1412;0;miniSIM;0;57;86;3;2;660;1853;479423
733;0;microSIM;0;16;138;4;202;1787;2648;832439
1070;0;miniSIM;0;19;160;7;90;1614;2647;853354
875;1;nanoSIM;0;30;146;8;469;853;702;61858
1994;0;microSIM;0;5;189;2;86;1546;1836;652715
823;1;miniSIM;1;18;182;5;1180;1350;3894;1212475
1908;0;miniSIM;1;30;111;2;140;1046;2944;1120300
790;1;microSIM;1;44;89;8;1100;1437;3424;1209980
1330;1;nanoSIM;0;40;177;1;194;892;2678;889197
1660;0;nanoSIM;1;15;100;8;440;569;2424;623752
1776;0;nanoSIM;0;20;82;6;1563;1803;2671;1272786
1611;1;microSIM;1;27;199;1;163;1011;3078;741392
1410;1;nanoSIM;1;15;92;3;192;1311;2304;800591
1772;0;SIM;1;45;159;2;837;1405;1146;303539
1280;0;nanoSIM;1;39;108;7;356;588;2335;325998
1712;1;nanoSIM;0;23;155;7;155;663;1422;357100
1562;0;nanoSIM;0;55;140;8;1032;1776;2096;913262
891;1;nanoSIM;1;18;153;6;40;1435;1303;214249
1957;1;SIM;1;36;151;2;1194;1727;1115;407739
1110;0;nanoSIM;0;42;192;5;1179;1262;456;153110
875;1;nanoSIM;1;43;104;8;902;969;3396;1021331
1211;0;nanoSIM;0;28;130;2;58;963;2750;869088
769;1;miniSIM;1;54;112;4;1385;1780;941;141476
671;0;microSIM;1;2;95;6;614;1617;2278;877460
1872;0;microSIM;1;26;172;4;672;1088;2273;622798
1076;1;nanoSIM;1;14;191;5;1088;1718;2355;875186
1325;0;nanoSIM;0;50;146;1;499;695;2328;738869
911;1;nanoSIM;1;28;182;2;157;763;2638;432354
1273;0;nanoSIM;0;23;178;6;485;1399;558;214407
1062;0;nanoSIM;1;39;124;4;571;817;1345;172787
1317;0;microSIM;0;12;154;2;431;542;425;186941
940;0;nanoSIM;0;16;115;4;499;1090;2192;286380
729;0;nanoSIM;0;14;135;6;563;1055;3397;910070
1494;0;microSIM;1;3;93;7;944;1003;1208;513490
1546;1;nanoSIM;1;27;124;2;1138;1491;267;148800
1253;0;nanoSIM;1;34;113;4;161;647;3518;1062661
895;1;microSIM;0;16;164;8;126;1575;3122;710704
793;1;nanoSIM;1;43;124;8;15;1196;1050;93698
1628;1;miniSIM;0;56;136;2;500;1713;3358;1143093
625;1;nanoSIM;0;42;138;8;203;1771;2929;620852
1110;0;nanoSIM;1;12;153;8;961;1950;624;214229
999;0;microSIM;0;49;132;1;608;1970;1598;349561
1856;1;nanoSIM;1;24;155;5;277;1155;2052;708886
1715;1;miniSIM;1;15;120;6;114;1849;1249;426324
1897;0;nanoSIM;1;54;154;2;630;738;412;193584
1202;1;nanoSIM;0;19;122;2;404;1742;595;116381
1171;1;nanoSIM;0;19;167;7;248;755;263;172997
964;0;nanoSIM;1;22;86;8;225;1234;2577;907302
1973;1;microSIM;0;46;193;4;699;851;639;237661
1992;1;miniSIM;0;2;141;1;649;895;3206;1148747
546;1;microSIM;0;26;159;5;416;1658;1550;599809
1093;0;nanoSIM;1;31;171;2;1310;1420;1646;273493
1880;0;miniSIM;0;35;200;4;930;1983;1930;685781
1765;0;nanoSIM;0;11;87;2;835;1175;3695;1252632
1640;1;nanoSIM;1;36;87;8;664;1806;3235;1318154
1830;0;nanoSIM;0;7;191;6;460;1583;2334;925081
826;0;nanoSIM;0;62;187;4;778;1615;1998;289857
1864;0;nanoSIM;1;7;142;1;225;1545;2258;829123
586;0;SIM;1;42;121;7;785;1118;1869;547089
1206;1;miniSIM;1;30;127;3;1581;1713;1825;927068
832;1;nanoSIM;1;5;165;5;9;1944;3946;1123199
848;0;nanoSIM;0;8;103;7;7;1294;436;42032
1851;0;nanoSIM;0;53;112;6;174;1175;2678;903169
1166;0;microSIM;0;59;80;1;437;638;3887;1246830
1776;1;miniSIM;0;35;172;4;278;623;1813;507509
1254;0;nanoSIM;1;27;134;2;1288;1372;817;204036
1494;1;microSIM;1;24;101;1;979;1190;3614;1345571
984;1;nanoSIM;1;39;119;8;56;1931;2013;533083
1179;0;nanoSIM;0;5;154;5;913;1429;543;103543
513;0;microSIM;0;27;174;8;282;710;3400;992553
557;1;nanoSIM;0;17;89;6;322;710;2623;280845
744;1;nanoSIM;1;33;105;4;1252;1963;2700;880769
1129;1;miniSIM;1;21;116;2;1128;1702;1400;272616
1148;1;nanoSIM;1;58;170;5;606;688;3127;643188
1793;0;miniSIM;1;44;175;5;655;1459;2803;1286133
1310;1;nanoSIM;0;15;150;5;954;970;2518;798386
1604;0;nanoSIM;0;6;191;6;68;1042;3564;1154698
1676;0;nanoSIM;0;37;145;1;134;1197;2515;921445
1001;1;nanoSIM;0;40;117;3;922;1836;3654;1330032
1086;0;nanoSIM;1;24;135;8;1874;1976;3930;1289093
1986;1;microSIM;1;39;89;7;251;599;3476;1241673
634;0;microSIM;0;41;192;1;1362;1853;3242;1023946
502;0;microSIM;0;52;82;6;281;1159;2666;918080
1641;0;microSIM;0;48;97;8;224;1994;1695;882436
623;1;nanoSIM;1;15;189;3;778;844;3510;860195
962;1;nanoSIM;0;17;161;8;546;1424;3438;1043613
1057;0;nanoSIM;1;41;97;4;397;891;2033;322071
1862;0;nanoSIM;0;62;182;1;386;1046;1017;574980
555;1;microSIM;1;38;193;2;214;1970;1686;534793
1000;0;nanoSIM;1;58;135;5;461;833;862;100816
841;0;microSIM;1;11;81;5;125;675;957;53058
865;0;microSIM;0;16;89;4;335;1009;3494;1173450
999;1;miniSIM;1;56;165;4;342;1641;3083;828206
1232;0;miniSIM;0;30;131;6;625;761;1656;429248
1194;0;microSIM;1;34;165;2;494;509;313;156345
612;1;nanoSIM;1;20;179;8;1145;1487;3282;1328079
1362;0;nanoSIM;0;47;186;6;600;1042;3629;1174543
1469;1;miniSIM;1;44;169;2;484;711;1687;385916
986;0;miniSIM;1;28;182;4;199;679;1149;791
1843;0;nanoSIM;1;62;104;3;21;832;3899;1120997
1561;1;miniSIM;1;4;134;2;885;1811;1783;957807
1695;1;nanoSIM;1;47;189;5;308;1208;1629;433643
667;1;nanoSIM;0;8;185;1;1015;1947;2528;814108
1768;0;nanoSIM;1;2;88;7;1303;1814;3256;1226548
1269;1;SIM;0;41;180;8;406;1036;2341;616514
1109;1;microSIM;0;57;151;1;124;833;2785;786798
936;1;SIM;1;14;164;3;150;1677;3761;1238769
1713;0;miniSIM;1;5;199;6;108;1963;1513;309744
1175;1;nanoSIM;1;45;167;2;90;557;2240;262596
1940;1;nanoSIM;1;5;194;4;588;1809;820;367137
855;0;nanoSIM;1;59;159;2;1028;1196;1875;514950
771;1;nanoSIM;1;33;157;3;776;1247;920;168359
645;0;miniSIM;1;63;174;4;278;584;3615;664271
1307;0;nanoSIM;0;7;88;7;897;1103;1412;381279
1948;1;microSIM;0;5;136;1;651;700;361;70548
1509;1;microSIM;0;50;81;4;1010;1684;1540;517961
626;1;nanoSIM;1;11;109;2;737;1759;1077;171665
1190;1;nanoSIM;0;40;93;5;1399;1646;3610;1235560
1727;1;miniSIM;0;57;158;6;376;1288;512;186204
1670;0;SIM;0;62;114;8;1117;1330;3024;1220394
1150;1;microSIM;1;27;134;1;234;1947;1610;481102
1208;0;microSIM;1;16;175;1;691;1028;2201;416802
1812;1;microSIM;1;42;162;7;380;1550;3338;1023940
770;1;microSIM;0;61;196;4;603;1483;3473;1126934
1559;1;miniSIM;1;10;114;8;117;681;2203;546509
1902;0;miniSIM;0;13;155;4;766;877;940;523630
1751;0;nanoSIM;0;4;146;8;1499;1952;1155;448316
1416;1;nanoSIM;0;20;93;4;1175;1578;3872;1298403
1288;1;nanoSIM;1;61;115;6;988;1503;1882;741302
1003;0;SIM;1;16;119;8;190;1905;1798;357947
1715;1;nanoSIM;1;18;96;6;674;1375;2598;1051732
1967;0;nanoSIM;1;46;199;1;518;1374;1567;564847
962;1;SIM;0;2;125;1;1618;1916;1491;272711
1487;0;microSIM;1;42;120;2;857;989;2003;621634
1569;1;microSIM;1;54;190;4;371;665;3905;1238295
1146;0;microSIM;1;57;111;5;73;583;291;41226
1379;0;microSIM;1;9;118;8;98;755;1693;321013
1504;1;microSIM;1;25;152;4;395;1853;1788;293583
1945;0;nanoSIM;0;26;112;6;1064;1540;3322;1170171
1630;1;nanoSIM;1;32;80;6;712;1726;1751;912010
1125;0;miniSIM;0;23;117;1;774;939;1641;530960
614;0;microSIM;1;51;178;7;1012;1040;2854;942221
854;0;microSIM;1;17;101;4;730;1148;3115;615562
1470;1;microSIM;0;45;121;1;777;1090;3259;1105940
1826;1;microSIM;1;49;172;8;973;1633;1612;807080
807;1;nanoSIM;0;37;127;4;245;829;2319;330314
1996;1;nanoSIM;1;7;138;5;937;1083;1258;436440
1083;0;nanoSIM;0;41;158;5;937;1164;1543;423975
1035;1;SIM;1;49;178;2;574;1171;3991;1141841
1521;0;microSIM;1;62;143;1;678;1630;3555;1033146
1314;1;miniSIM;1;5;87;4;82;512;3411;1210843
535;0;microSIM;0;24;190;8;398;1775;524;14528
673;0;miniSIM;1;35;142;6;1096;1570;3541;1234765
1219;1;microSIM;0;4;169;6;1419;1698;1998;930145
1606;1;nanoSIM;1;33;200;5;157;770;3437;1133488
1603;1;nanoSIM;1;17;114;2;430;1207;1637;349762
1958;0;microSIM;1;52;153;1;1524;1848;3064;1173023
695;0;SIM;1;12;196;2;1649;1829;2855;656167
1441;1;nanoSIM;1;53;106;1;254;954;1393;444266
1470;1;microSIM;1;33;138;7;1790;1988;1633;842825
1890;0;microSIM;1;48;127;4;1438;1832;2392;1050839
1152;1;nanoSIM;1;26;82;2;1304;1673;3284;1086586
1619;0;nanoSIM;0;20;117;6;813;1180;464;17197
1002;0;nanoSIM;0;45;180;7;948;1007;1234;185020
742;0;nanoSIM;1;36;139;3;1161;1288;292;69532
1306;1;nanoSIM;1;33;174;3;867;1258;2521;681951
1424;1;nanoSIM;0;20;180;5;181;1199;2658;672148
942;1;microSIM;0;27;91;4;754;1532;587;91369
1934;0;microSIM;1;2;118;4;242;1127;2190;998421
1290;1;SIM;1;35;110;4;405;742;879;18733
930;1;nanoSIM;0;54;80;1;1569;1763;1743;949169
1699;0;SIM;0;21;156;4;105;1099;1181;447788
1849;0;nanoSIM;0;29;181;7;978;1986;3330;1293841
1922;0;SIM;1;42;153;8;725;1882;3564;1334596
548;1;nanoSIM;1;56;146;4;657;1657;562;24714
916;0;nanoSIM;1;47;82;4;1147;1393;1659;523468
1783;0;microSIM;0;14;183;8;910;1566;1816;712094
1083;1;nanoSIM;1;49;156;5;295;503;1338;237387
1698;0;miniSIM;1;7;131;8;26;508;2992;820345
1969;1;microSIM;1;7;85;8;332;764;315;40164
869;0;nanoSIM;0;2;197;7;519;533;3249;711059
1337;1;nanoSIM;0;5;200;4;161;1029;3242;894801
637;1;nanoSIM;0;28;194;4;1080;1289;2725;896149
833;1;nanoSIM;1;27;145;4;649;1290;586;58647
1248;0;microSIM;1;9;89;3;71;1686;2454;977454
1174;0;microSIM;0;30;147;4;744;1244;804;35012
1831;0;nanoSIM;1;44;148;7;437;1113;2460;708504
1002;1;microSIM;0;27;146;1;115;1111;1295;43211
1010;1;nanoSIM;1;8;139;5;547;957;2625;766884
1117;1;nanoSIM;0;21;177;2;495;1035;1999;555866
990;1;nanoSIM;0;15;153;2;1466;1717;2698;744052
1564;0;microSIM;1;26;129;6;117;1115;3742;1169390
1065;1;nanoSIM;1;21;158;5;760;1722;1193;265682
1982;0;miniSIM;0;24;129;7;764;1873;3511;1062409
1607;1;microSIM;1;20;192;2;776;1005;885;153410
1066;1;microSIM;1;5;167;5;53;1504;1044;116241
681;1;miniSIM;1;17;194;5;371;1702;2548;905632
1163;1;nanoSIM;1;19;132;2;728;818;2940;679197
1285;1;microSIM;1;11;199;5;1791;1896;3966;1162213
753;0;miniSIM;1;48;121;8;606;1316;3484;1281750
1779;1;nanoSIM;0;5;90;1;1225;1717;1246;511476
987;0;microSIM;1;52;83;3;419;736;2757;884124
511;1;SIM;1;24;136;3;367;1264;2378;592161
1044;0;microSIM;1;12;104;6;1230;1263;1794;292379
1855;0;microSIM;0;32;187;8;267;1161;3933;1147540
946;0;miniSIM;0;26;186;6;273;891;1637;84971
657;1;nanoSIM;0;21;110;8;705;1905;783;14109
1673;0;nanoSIM;0;42;182;5;214;679;3094;779612
731;1;nanoSIM;1;28;130;8;424;1032;1774;369354
926;0;microSIM;1;59;161;7;84;793;256;167650
1261;0;nanoSIM;1;52;86;2;605;1429;1365;379119
618;0;miniSIM;1;45;188;3;1175;1586;2339;641635
936;0;microSIM;1;57;129;2;657;938;2049;450661
1485;1;nanoSIM;1;28;158;5;371;1023;3241;1174775
1339;1;miniSIM;1;21;80;4;833;1441;867;66854
508;0;nanoSIM;0;50;82;5;102;1195;2175;311657
1938;1;microSIM;0;44;121;2;1299;1935;3497;1266783
995;1;nanoSIM;0;10;104;4;258;1889;609;73551
1086;1;nanoSIM;1;43;111;6;56;1150;3285;973033
1322;1;nanoSIM;1;35;157;1;443;708;3684;1125237
1864;1;nanoSIM;0;57;181;6;1279;1793;3586;1234310
1944;0;nanoSIM;1;26;92;4;313;712;2322;616958
581;0;microSIM;1;56;180;2;523;565;354;27981
1020;1;nanoSIM;1;27;128;4;919;1482;3204;1006169
1936;0;nanoSIM;0;44;139;3;570;1021;1400;435946
1329;0;microSIM;1;23;198;8;380;682;2308;477726
808;1;nanoSIM;0;46;105;8;119;529;1082;178034
994;1;microSIM;0;40;164;2;296;839;3104;658488
1811;0;nanoSIM;1;22;82;2;358;614;2847;915133
765;0;nanoSIM;0;44;88;8;1364;1851;2256;774183
993;1;nanoSIM;0;16;106;7;424;1639;1113;148976
1136;0;SIM;0;32;150;6;961;1030;3210;1233163
719;1;nanoSIM;1;23;113;6;431;1727;3990;1182528
733;1;nanoSIM;0;63;105;7;950;1739;984;138425
1946;1;microSIM;0;8;123;8;647;1849;3117;1194369
1230;0;nanoSIM;1;48;111;7;1960;1963;1622;772031
1577;1;nanoSIM;1;64;105;3;116;1432;2967;1014997
1514;0;nanoSIM;1;12;138;3;306;538;1037;49831
579;0;nanoSIM;0;7;89;8;808;1517;2908;997402
574;0;nanoSIM;1;30;126;2;94;1334;1167;67293
1072;1;microSIM;0;19;114;8;380;877;2715;671561
843;1;nanoSIM;0;16;119;7;593;732;1734;384720
1492;0;microSIM;0;11;85;3;1684;1746;2259;1127389
1807;0;nanoSIM;0;16;125;3;1221;1415;2921;1014224
909;1;microSIM;0;47;146;3;410;1643;1244;147788
1876;1;miniSIM;1;64;98;3;600;1211;3132;1303315
1436;1;nanoSIM;1;23;106;5;189;1411;2488;996646
1251;1;miniSIM;1;29;133;6;308;591;1052;121816
636;0;microSIM;1;28;152;2;148;742;2927;957996
1354;1;nanoSIM;1;26;136;4;297;918;2090;348727
930;1;nanoSIM;1;34;190;4;1050;1726;2131;968356
1830;0;microSIM;1;47;117;1;1191;1882;3362;1130756
1424;1;SIM;1;23;80;4;1399;1663;1053;550366
583;1;nanoSIM;0;51;88;8;1658;1794;1799;336054
648;1;miniSIM;1;54;109;5;1153;1817;3124;1168618
1203;1;nanoSIM;1;11;109;2;35;510;1672;225376
1777;1;nanoSIM;0;15;100;4;553;874;1552;499682
1299;1;nanoSIM;0;64;83;6;46;908;1938;333467
1494;0;nanoSIM;1;47;129;2;207;1177;3202;1302755
527;1;microSIM;0;53;128;1;67;1924;1302;225972
793;1;nanoSIM;1;64;179;4;818;1006;2296;540521
873;1;microSIM;0;8;152;7;1257;1411;575;172271
722;0;miniSIM;0;12;93;6;138;1371;2359;394676
1250;0;SIM;1;20;167;5;11;1020;3314;815691
1358;0;nanoSIM;0;60;147;3;889;1635;440;246481
1035;1;microSIM;0;11;173;6;831;1709;2002;598820
1289;1;nanoSIM;1;16;161;6;713;1854;3167;1032208
1445;1;nanoSIM;0;37;82;2;527;1393;3480;1075818
1702;1;miniSIM;1;47;107;2;1284;1643;595;375747
534;1;microSIM;0;2;85;5;911;1220;2466;662706
628;0;microSIM;0;60;87;6;1047;1534;1337;329755
713;1;microSIM;0;53;98;1;123;1477;1462;247981
1207;0;nanoSIM;0;58;112;8;406;681;503;198874
683;0;microSIM;0;30;197;7;927;1135;2066;299601
594;0;nanoSIM;0;27;196;5;407;528;708;140170
537;0;nanoSIM;1;55;103;7;1041;1430;2029;340163
1565;0;nanoSIM;0;38;121;5;781;1364;308;59563
1052;0;nanoSIM;0;6;195;4;1191;1839;552;154492
713;0;microSIM;1;63;89;2;103;1760;2082;392452
1766;1;nanoSIM;0;16;141;5;125;1227;3314;1190289
584;1;nanoSIM;1;19;199;4;919;1343;3996;1260423
1541;1;microSIM;1;5;109;4;536;1656;1795;424417
837;1;nanoSIM;0;51;104;5;638;1831;594;204351
935;1;nanoSIM;1;58;155;5;639;1087;2473;968143
665;0;nanoSIM;1;31;185;5;496;1804;690;168611
680;0;miniSIM;1;34;157;2;686;1418;3845;1316210
877;1;nanoSIM;1;17;195;7;1064;1985;2004;385775
1493;1;miniSIM;0;53;102;5;240;1414;2083;864332
1762;0;nanoSIM;1;26;83;6;525;704;2661;877775
842;1;microSIM;0;57;124;3;348;730;1903;525046
925;0;miniSIM;0;56;196;1;1262;1520;2466;993759
1692;0;microSIM;1;2;106;1;1899;1904;3779;1326796
1576;0;microSIM;0;5;139;3;258;789;3904;1142747
1065;1;microSIM;1;48;162;6;1188;1948;265;248812
958;0;miniSIM;1;60;200;1;730;751;1417;34864
623;0;microSIM;1;26;197;7;484;1238;1769;461424
897;1;nanoSIM;0;17;171;1;547;1852;2948;937047
1110;0;microSIM;1;41;152;3;800;1455;2572;893785
616;0;nanoSIM;1;21;150;7;347;513;3267;661206
1680;1;microSIM;1;37;168;4;679;1231;1459;479980
1715;0;nanoSIM;1;12;94;8;1224;1676;1633;880600
983;1;nanoSIM;1;45;130;4;948;1205;2052;365640
720;1;miniSIM;1;14;165;4;366;1234;1086;114053
1660;0;nanoSIM;1;24;169;2;223;1777;2402;716933
1564;1;nanoSIM;0;42;108;2;1619;1962;3376;1240824
592;1;nanoSIM;0;52;103;7;332;970;1507;139363
969;1;nanoSIM;1;44;158;3;167;909;641;196939
1356;1;nanoSIM;0;35;131;1;782;951;3451;1222034
504;0;microSIM;0;14;189;7;881;1129;1607;8758
1546;1;nanoSIM;1;6;101;1;91;1317;3521;1255734
689;1;nanoSIM;1;7;147;2;487;722;1241;58168
1685;0;SIM;0;16;137;7;120;1429;881;189936
1792;0;nanoSIM;1;62;170;7;1626;1913;2563;1073575
1786;0;miniSIM;0;61;123;3;74;865;3033;1310751
1944;1;miniSIM;1;59;132;7;634;1079;769;164107
1077;0;miniSIM;1;49;131;4;334;1079;3454;1027354
648;0;nanoSIM;1;60;195;4;931;1811;819;57434
1702;1;microSIM;0;2;185;6;921;1351;435;104695
1571;0;nanoSIM;0;30;150;7;805;956;586;236136
856;1;SIM;1;19;125;6;1057;1931;650;161979
1786;0;microSIM;0;14;115;4;616;912;3038;1053556
914;0;nanoSIM;1;60;198;5;740;840;3736;1065057
1615;0;nanoSIM;0;9;117;1;542;678;2948;634087
649;0;microSIM;1;19;190;7;344;1551;739;155694
1646;0;nanoSIM;1;25;200;2;211;1608;686;59828
1189;0;microSIM;0;7;164;2;79;615;841;128918
1043;0;nanoSIM;0;29;83;8;887;893;1183;225542
1920;1;nanoSIM;1;19;131;3;670;1152;3943;1072846
1220;0;nanoSIM;0;54;109;7;383;1249;1037;178490
1748;1;miniSIM;1;53;114;4;718;1109;2633;827181
907;1;microSIM;0;44;160;3;144;896;3911;1174661
1193;0;microSIM;0;20;158;7;1442;1904;1958;738027
1766;1;nanoSIM;1;22;122;8;291;1318;3297;1142237
1278;0;microSIM;1;24;170;3;1352;1775;3141;1316820
1234;1;microSIM;0;17;174;6;209;725;3351;741466
1961;0;miniSIM;0;55;100;7;861;1888;2355;1041982
1745;0;nanoSIM;1;3;105;3;426;1629;1308;439051
1442;1;nanoSIM;0;27;127;5;266;642;991;111492
1083;1;nanoSIM;1;39;173;8;523;542;3248;834912
868;0;microSIM;0;5;137;4;40;1311;1519;27840
864;1;nanoSIM;1;53;88;6;262;1436;493;190378
1142;0;nanoSIM;0;2;114;6;623;769;1747;279336
608;1;nanoSIM;0;64;94;4;4;1351;2517;395030
983;0;nanoSIM;1;53;187;1;1001;1176;1389;369178
1720;0;SIM;1;2;188;5;334;896;2522;772898
1802;1;microSIM;0;27;116;5;453;963;1885;968566
591;1;SIM;1;16;196;7;952;1726;704;232920
1205;0;microSIM;0;10;163;6;321;1870;953;207285
1369;1;nanoSIM;0;28;108;1;1451;1469;3206;1083512
713;1;nanoSIM;0;42;94;1;1048;1123;928;177988
1082;1;miniSIM;0;2;101;4;398;724;2177;404751
1719;1;nanoSIM;0;52;187;3;417;520;2610;778288
1544;0;SIM;1;12;186;7;470;844;489;179085
1090;0;nanoSIM;1;8;128;8;1217;1670;3839;1198333
1991;0;nanoSIM;1;15;181;1;298;1037;1861;269004
1367;0;microSIM;0;56;176;2;36;642;299;27740
1179;0;microSIM;1;32;182;2;85;1451;340;150019
721;1;nanoSIM;1;15;102;5;655;1255;3606;1255782
1549;1;nanoSIM;0;62;91;4;167;990;799;69686
1349;1;nanoSIM;0;46;134;6;212;623;2367;511613
1799;0;nanoSIM;1;30;123;3;617;1386;445;130444
1075;1;nanoSIM;0;11;122;1;271;1769;3927;1172517
684;1;nanoSIM;1;63;157;5;159;1738;3756;1159943
1837;0;miniSIM;0;36;162;4;786;872;770;51184
1619;0;nanoSIM;1;21;138;1;46;562;1641;307539
965;0;nanoSIM;0;13;197;8;645;1275;2343;938809
730;0;miniSIM;0;9;122;4;1371;1677;2787;937264
1361;0;nanoSIM;0;47;169;5;881;1382;2495;931349
1494;0;nanoSIM;1;45;158;5;449;790;3208;1042322
1027;0;microSIM;0;18;146;7;338;534;1234;86756
1807;1;nanoSIM;1;38;97;8;1332;1814;1069;581375
709;1;nanoSIM;0;11;130;5;119;1531;3568;1336575
689;0;nanoSIM;0;45;103;5;256;823;3585;1019709
955;0;nanoSIM;0;2;155;4;428;1254;1974;320417
1872;0;microSIM;0;35;111;3;1546;1879;2419;1207274
1259;1;nanoSIM;0;13;97;2;1210;1989;340;237691
695;0;nanoSIM;1;41;169;8;789;1211;2282;318152
1969;1;miniSIM;0;63;132;4;390;756;298;118629
759;0;nanoSIM;1;39;162;2;110;1317;968;79949
936;0;nanoSIM;0;18;153;3;1330;1686;2391;938644
1176;0;nanoSIM;1;62;168;2;674;1455;1534;345916
1802;1;nanoSIM;1;10;101;7;253;590;696;244195
772;1;nanoSIM;1;23;97;7;317;1805;2782;934179
1318;0;nanoSIM;1;45;136;2;183;661;755;39748
591;1;nanoSIM;1;16;90;6;892;1603;3746;1273526
569;1;nanoSIM;0;41;124;1;388;605;2651;536513
764;1;miniSIM;1;45;124;8;52;539;1341;165922
1056;1;microSIM;1;37;101;3;914;979;2651;678017
1982;0;nanoSIM;1;12;80;5;287;593;1824;319938
1830;0;microSIM;0;14;160;6;773;1353;1905;923834
1122;0;nanoSIM;1;40;156;7;675;1163;1456;514305
1023;0;nanoSIM;1;63;153;7;367;1985;3155;1009592
1283;1;microSIM;1;33;93;3;510;980;773;204890
1602;1;nanoSIM;1;35;99;7;1325;1800;1829;715996
732;0;microSIM;1;32;163;8;1661;1836;3883;1303334
1854;1;nanoSIM;1;33;195;1;665;718;1675;415974
718;1;nanoSIM;1;30;93;3;662;997;1601;289063
897;0;nanoSIM;1;2;154;8;0;994;1958;287746
1405;0;nanoSIM;0;8;107;4;284;1036;2376;675850
798;1;microSIM;1;21;110;2;661;1951;1647;265939
1035;0;nanoSIM;0;40;157;5;757;1912;3548;1252783
1396;0;nanoSIM;0;37;134;4;560;1177;2694;826569
1749;1;microSIM;1;49;178;1;470;775;2195;804628
1588;0;miniSIM;1;4;148;5;146;822;2506;962465
1600;0;nanoSIM;1;16;94;4;1315;1710;2073;919699
1522;0;microSIM;0;21;162;6;533;1696;3767;1075946
1279;0;microSIM;1;7;105;6;560;1633;1150;458636
719;0;microSIM;0;6;102;6;405;1141;841;26760
544;1;nanoSIM;1;7;129;5;227;610;1675;67563
1007;1;microSIM;1;21;185;8;479;831;1301;114409
590;1;nanoSIM;0;32;141;6;227;509;1817;228450
1788;0;nanoSIM;1;6;141;6;149;1022;2321;754116
748;0;nanoSIM;0;25;110;7;88;709;1974;502554
757;1;microSIM;0;64;157;7;114;819;3433;691359
1561;1;nanoSIM;1;27;174;3;662;874;1205;505324
1327;0;miniSIM;0;23;89;7;441;1721;872;757
797;1;microSIM;0;18;81;8;888;1466;2052;545060
727;1;nanoSIM;1;64;193;1;664;711;3654;1176711
686;1;nanoSIM;0;36;194;4;64;745;1503;192674
1515;1;microSIM;1;24;176;5;747;1247;3104;1347358
555;1;nanoSIM;0;17;163;5;956;1010;343;14416
1589;0;nanoSIM;0;5;112;5;776;1397;3430;1271128
1976;1;microSIM;0;45;136;4;652;1933;2470;1148734
1884;1;nanoSIM;0;24;149;6;1168;1179;1396;460493
1063;0;nanoSIM;0;27;86;6;201;582;2668;802102
672;1;miniSIM;0;61;194;5;724;1127;1457;28524
635;0;miniSIM;0;16;110;7;599;1299;2452;701476
1906;1;nanoSIM;0;55;113;3;3;629;1871;595806
1753;0;microSIM;0;40;191;4;1652;1983;1112;467704
659;1;nanoSIM;1;3;85;8;190;657;967;242319
1583;1;nanoSIM;0;14;148;2;1171;1673;2498;724403
1783;1;nanoSIM;0;42;104;6;1081;1979;387;561850
1667;1;nanoSIM;1;21;138;2;1211;1396;635;137860
640;1;microSIM;1;6;143;8;976;1353;2711;957564
1913;0;nanoSIM;0;29;111;5;675;742;2023;695100
538;1;nanoSIM;1;25;163;7;455;537;2215;527279
1191;0;microSIM;1;46;89;6;42;807;824;183825
816;1;nanoSIM;0;9;117;1;1196;1651;3851;1025812
915;1;miniSIM;1;33;199;2;503;986;2156;397514
1157;0;microSIM;0;27;88;8;1694;1798;2885;1241129
1201;0;nanoSIM;0;10;99;7;306;558;495;89254
1379;1;nanoSIM;1;18;129;2;838;885;2358;643356
1483;0;nanoSIM;1;53;169;5;291;651;1744;495303
1614;0;nanoSIM;1;9;161;3;173;1219;1832;566510
930;1;microSIM;1;4;144;8;1017;1289;2016;468280
1454;0;microSIM;0;6;199;3;698;1018;1300;471907
1784;0;microSIM;0;41;164;6;610;1437;2313;657716
1262;1;miniSIM;0;34;149;5;223;737;3248;877487
797;1;nanoSIM;0;37;144;7;206;1167;2216;402012
1829;0;microSIM;0;59;91;5;1457;1919;3142;1008857
1139;1;microSIM;1;58;161;2;742;999;1850;444965
618;0;miniSIM;1;13;80;4;591;724;1424;121403
1547;0;nanoSIM;0;57;114;1;347;957;1620;335998
586;0;nanoSIM;0;15;83;3;241;854;2592;581521
1617;0;microSIM;1;36;85;1;743;1426;296;62005
1882;0;miniSIM;1;44;113;8;4;743;3579;1024883
674;1;nanoSIM;0;21;198;3;576;1809;1180;176272
1467;0;nanoSIM;0;18;122;5;888;1099;3962;1119905
858;0;nanoSIM;0;50;84;1;528;1416;3978;1312415
794;1;nanoSIM;1;2;106;6;1222;1890;668;228672
1965;1;nanoSIM;0;39;187;4;915;1965;2032;914634
1911;1;nanoSIM;1;36;108;8;868;1632;3057;1147028
1512;0;microSIM;1;46;145;5;336;670;869;227172
510;1;microSIM;1;45;168;6;483;754;3919;1154520